Category,Diagnosis,Symptoms
Infectious,Pneumonia,"Chest pain, Chills, Cough with phlegm, Difficulty breathing, Fever, Headache"
Chronic,Asthma,"Chest tightness, Coughing (especially at night), Fatigue, Loss of appetite, Shortness of breath, Wheezing"
Musculoskeletal,Rheumatoid Arthritis,"Dizziness, Fatigue, Fever, Joint pain, Joint stiffness (worse in morning), Swollen joints"
Infectious,Gastroenteritis (Stomach Flu),"Diarrhea, Headache, Nausea, Stomach cramps, Vomiting"
Chronic,Asthma,"Chest tightness, Coughing (especially at night), Dizziness, Nausea, Shortness of breath, Wheezing"
Infectious,Influenza (Flu),"Body aches, Dry cough, High fever, Nausea, Runny nose, Sore throat"
Urological,Kidney Stone,"Body aches, Fatigue, Headache, Nausea, Pain on urination, Pain that radiates to lower abdomen, Pink, red or brown urine, Severe pain in side and back"
Musculoskeletal,Rheumatoid Arthritis,"Fatigue, Fever, Headache, Joint pain, Joint stiffness (worse in morning), Swollen joints"
Chronic,Hypertension,"Chills, Dizziness, Headaches, Nosebleeds, Often asymptomatic, Shortness of breath"
Infectious,COVID-19,"Dry cough, Fatigue, Fever, Loss of appetite, Loss of taste or smell, Malaise, Shortness of breath"
Infectious,Influenza (Flu),"Body aches, Dry cough, Fever, High fever, Runny nose, Sore throat"
Chronic,Hypertension,"Dizziness, Fatigue, Headaches, Loss of appetite, Malaise, Nosebleeds, Often asymptomatic, Shortness of breath"
Infectious,COVID-19,"Dry cough, Fatigue, Fever, Loss of taste or smell, Malaise, Nausea, Shortness of breath, Weakness"
Infectious,Urinary Tract Infection (UTI),"Cloudy or strong-smelling urine, Fever, Frequent urination, Headache, Loss of appetite, Pain or burning on urination, Pelvic pain"
Infectious,Gastroenteritis (Stomach Flu),"Diarrhea, Fever, Headache, Loss of appetite, Nausea, Stomach cramps, Vomiting"
Chronic,Hypertension,"Chills, Dizziness, Headaches, Nausea, Nosebleeds, Often asymptomatic, Shortness of breath"
Allergy,Allergic Rhinitis (Hay Fever),"Dizziness, Itchy, watery eyes, Nasal congestion, Runny nose, Sneezing"
Musculoskeletal,Ankle Sprain,"Ankle pain, Bruising, Fatigue, Fever, Inability to bear weight, Swelling, Tenderness to touch"
Chronic,Type 2 Diabetes,"Blurry vision, Chills, Excessive thirst, Frequent urination, Increased hunger, Loss of appetite, Slow-healing sores, Unexplained weight loss"
Infectious,COVID-19,"Dry cough, Fatigue, Fever, Loss of appetite, Loss of taste or smell, Shortness of breath"
Infectious,COVID-19,"Dry cough, Fatigue, Fever, Loss of taste or smell, Malaise, Shortness of breath"
Musculoskeletal,Tibial/Fibular Fracture,"Bruising, Dizziness, Fever, Inability to bear weight, Severe leg pain, Swelling, Visible deformity, Weakness"
Musculoskeletal,Ankle Sprain,"Ankle pain, Body aches, Bruising, Inability to bear weight, Nausea, Swelling, Tenderness to touch"
Infectious,Gastroenteritis (Stomach Flu),"Body aches, Diarrhea, Headache, Nausea, Stomach cramps, Vomiting"
Infectious,Strep Throat,"Body aches, Fever, Loss of appetite, Pain when swallowing, Severe sore throat, Swollen lymph nodes, Swollen tonsils, White patches on tonsils"
Chronic,Type 2 Diabetes,"Blurry vision, Chills, Dizziness, Excessive thirst, Frequent urination, Increased hunger, Slow-healing sores, Unexplained weight loss"
Musculoskeletal,Tibial/Fibular Fracture,"Body aches, Bruising, Dizziness, Fever, Inability to bear weight, Severe leg pain, Swelling, Visible deformity"
Infectious,COVID-19,"Chills, Dry cough, Fatigue, Fever, Loss of taste or smell, Shortness of breath, Weakness"
Urological,Kidney Stone,"Fever, Nausea, Pain on urination, Pain that radiates to lower abdomen, Pink, red or brown urine, Severe pain in side and back"
Chronic,Asthma,"Chest tightness, Chills, Coughing (especially at night), Headache, Shortness of breath, Weakness, Wheezing"
Infectious,Urinary Tract Infection (UTI),"Cloudy or strong-smelling urine, Frequent urination, Loss of appetite, Pain or burning on urination, Pelvic pain, Weakness"
Infectious,Pneumonia,"Chest pain, Chills, Cough with phlegm, Difficulty breathing, Fever, Loss of appetite, Nausea"
Musculoskeletal,Tibial/Fibular Fracture,"Body aches, Bruising, Dizziness, Inability to bear weight, Severe leg pain, Swelling, Visible deformity"
Urological,Kidney Stone,"Chills, Loss of appetite, Nausea, Pain on urination, Pain that radiates to lower abdomen, Pink, red or brown urine, Severe pain in side and back"
Chronic,Type 2 Diabetes,"Blurry vision, Excessive thirst, Fever, Frequent urination, Increased hunger, Loss of appetite, Nausea, Slow-healing sores, Unexplained weight loss"
Chronic,Hypertension,"Dizziness, Fatigue, Headaches, Loss of appetite, Nausea, Nosebleeds, Often asymptomatic, Shortness of breath"
Neurological,Migraine,"Fever, Loss of appetite, Malaise, Nausea, Sensitivity to light, Sensitivity to sound, Severe throbbing headache, Visual aura, Vomiting"
Chronic,Hypertension,"Body aches, Dizziness, Headaches, Loss of appetite, Malaise, Nosebleeds, Often asymptomatic, Shortness of breath"
Infectious,Gastroenteritis (Stomach Flu),"Diarrhea, Dizziness, Fever, Malaise, Nausea, Stomach cramps, Vomiting"
Infectious,Influenza (Flu),"Body aches, Dry cough, High fever, Runny nose, Sore throat"
Neurological,Migraine,"Body aches, Nausea, Sensitivity to light, Sensitivity to sound, Severe throbbing headache, Visual aura, Vomiting"
Infectious,Gastroenteritis (Stomach Flu),"Body aches, Diarrhea, Fatigue, Loss of appetite, Nausea, Stomach cramps, Vomiting"
Infectious,Pneumonia,"Chest pain, Chills, Cough with phlegm, Difficulty breathing, Fever, Loss of appetite"
Musculoskeletal,Rheumatoid Arthritis,"Fatigue, Fever, Joint pain, Joint stiffness (worse in morning), Nausea, Swollen joints"
Musculoskeletal,Rheumatoid Arthritis,"Fatigue, Fever, Joint pain, Joint stiffness (worse in morning), Malaise, Swollen joints"
Neurological,Migraine,"Loss of appetite, Nausea, Sensitivity to light, Sensitivity to sound, Severe throbbing headache, Visual aura, Vomiting, Weakness"
Chronic,Type 2 Diabetes,"Blurry vision, Body aches, Excessive thirst, Frequent urination, Increased hunger, Malaise, Slow-healing sores, Unexplained weight loss, Weakness"
Musculoskeletal,Rheumatoid Arthritis,"Fatigue, Fever, Joint pain, Joint stiffness (worse in morning), Loss of appetite, Malaise, Swollen joints"
Neurological,Migraine,"Chills, Fever, Nausea, Sensitivity to light, Sensitivity to sound, Severe throbbing headache, Visual aura, Vomiting"
Infectious,COVID-19,"Dry cough, Fatigue, Fever, Headache, Loss of taste or smell, Malaise, Shortness of breath"
Musculoskeletal,Tibial/Fibular Fracture,"Bruising, Inability to bear weight, Loss of appetite, Severe leg pain, Swelling, Visible deformity, Weakness"
Chronic,Hypertension,"Dizziness, Fatigue, Headache, Headaches, Nosebleeds, Often asymptomatic, Shortness of breath"
Infectious,COVID-19,"Dizziness, Dry cough, Fatigue, Fever, Loss of appetite, Loss of taste or smell, Shortness of breath"
Infectious,Strep Throat,"Fever, Loss of appetite, Pain when swallowing, Severe sore throat, Swollen lymph nodes, Swollen tonsils, White patches on tonsils"
Musculoskeletal,Rheumatoid Arthritis,"Body aches, Fatigue, Fever, Joint pain, Joint stiffness (worse in morning), Malaise, Swollen joints"
Infectious,Influenza (Flu),"Body aches, Dry cough, High fever, Malaise, Runny nose, Sore throat"
Infectious,COVID-19,"Dry cough, Fatigue, Fever, Loss of taste or smell, Malaise, Nausea, Shortness of breath"
Infectious,COVID-19,"Dizziness, Dry cough, Fatigue, Fever, Loss of taste or smell, Shortness of breath"
Chronic,Hypertension,"Dizziness, Headache, Headaches, Loss of appetite, Nosebleeds, Often asymptomatic, Shortness of breath"
Acute/Surgical,Appendicitis,"Abdominal swelling, Fever, Loss of appetite, Malaise, Nausea, Pain in lower right abdomen, Vomiting"
Infectious,Urinary Tract Infection (UTI),"Cloudy or strong-smelling urine, Frequent urination, Malaise, Pain or burning on urination, Pelvic pain"
Chronic,Type 2 Diabetes,"Blurry vision, Body aches, Excessive thirst, Fatigue, Frequent urination, Increased hunger, Slow-healing sores, Unexplained weight loss, Weakness"
Musculoskeletal,Rheumatoid Arthritis,"Fatigue, Fever, Joint pain, Joint stiffness (worse in morning), Swollen joints"
Infectious,Pneumonia,"Body aches, Chest pain, Chills, Cough with phlegm, Difficulty breathing, Fatigue, Fever, Loss of appetite"
Chronic,Asthma,"Chest tightness, Coughing (especially at night), Headache, Shortness of breath, Weakness, Wheezing"
Infectious,Urinary Tract Infection (UTI),"Cloudy or strong-smelling urine, Frequent urination, Nausea, Pain or burning on urination, Pelvic pain"
Acute/Surgical,Appendicitis,"Abdominal swelling, Dizziness, Fever, Loss of appetite, Nausea, Pain in lower right abdomen, Vomiting"
Chronic,Hypertension,"Chills, Dizziness, Fatigue, Headache, Headaches, Nosebleeds, Often asymptomatic, Shortness of breath"
Musculoskeletal,Tibial/Fibular Fracture,"Bruising, Headache, Inability to bear weight, Severe leg pain, Swelling, Visible deformity"
Infectious,Influenza (Flu),"Body aches, Dry cough, High fever, Loss of appetite, Runny nose, Sore throat"
Musculoskeletal,Tibial/Fibular Fracture,"Body aches, Bruising, Dizziness, Fatigue, Inability to bear weight, Severe leg pain, Swelling, Visible deformity"
Infectious,Gastroenteritis (Stomach Flu),"Chills, Diarrhea, Fatigue, Malaise, Nausea, Stomach cramps, Vomiting"
Neurological,Migraine,"Body aches, Fatigue, Nausea, Sensitivity to light, Sensitivity to sound, Severe throbbing headache, Visual aura, Vomiting, Weakness"
Infectious,Urinary Tract Infection (UTI),"Body aches, Cloudy or strong-smelling urine, Frequent urination, Pain or burning on urination, Pelvic pain, Weakness"
Infectious,Gastroenteritis (Stomach Flu),"Chills, Diarrhea, Nausea, Stomach cramps, Vomiting"
Infectious,Strep Throat,"Dizziness, Fatigue, Fever, Loss of appetite, Pain when swallowing, Severe sore throat, Swollen lymph nodes, Swollen tonsils, White patches on tonsils"
Infectious,Strep Throat,"Chills, Dizziness, Fever, Pain when swallowing, Severe sore throat, Swollen lymph nodes, Swollen tonsils, Weakness, White patches on tonsils"
Infectious,Strep Throat,"Body aches, Chills, Fever, Malaise, Pain when swallowing, Severe sore throat, Swollen lymph nodes, Swollen tonsils, White patches on tonsils"
Infectious,Urinary Tract Infection (UTI),"Body aches, Cloudy or strong-smelling urine, Frequent urination, Malaise, Pain or burning on urination, Pelvic pain"
Allergy,Allergic Rhinitis (Hay Fever),"Headache, Itchy, watery eyes, Nasal congestion, Runny nose, Sneezing"
Urological,Kidney Stone,"Headache, Loss of appetite, Nausea, Pain on urination, Pain that radiates to lower abdomen, Pink, red or brown urine, Severe pain in side and back"
Infectious,COVID-19,"Dizziness, Dry cough, Fatigue, Fever, Loss of taste or smell, Shortness of breath"
Infectious,Urinary Tract Infection (UTI),"Cloudy or strong-smelling urine, Frequent urination, Pain or burning on urination, Pelvic pain, Weakness"
Infectious,Gastroenteritis (Stomach Flu),"Diarrhea, Headache, Nausea, Stomach cramps, Vomiting"
Infectious,Influenza (Flu),"Body aches, Dizziness, Dry cough, Fatigue, High fever, Runny nose, Sore throat"
Musculoskeletal,Rheumatoid Arthritis,"Fatigue, Fever, Joint pain, Joint stiffness (worse in morning), Swollen joints"
Musculoskeletal,Tibial/Fibular Fracture,"Bruising, Dizziness, Fever, Inability to bear weight, Severe leg pain, Swelling, Visible deformity"
Urological,Kidney Stone,"Fatigue, Nausea, Pain on urination, Pain that radiates to lower abdomen, Pink, red or brown urine, Severe pain in side and back"
Infectious,Influenza (Flu),"Body aches, Dry cough, Fatigue, High fever, Malaise, Runny nose, Sore throat, Weakness"
Infectious,Gastroenteritis (Stomach Flu),"Diarrhea, Malaise, Nausea, Stomach cramps, Vomiting"
Chronic,Asthma,"Chest tightness, Coughing (especially at night), Loss of appetite, Shortness of breath, Wheezing"
Allergy,Allergic Rhinitis (Hay Fever),"Dizziness, Itchy, watery eyes, Malaise, Nasal congestion, Runny nose, Sneezing"
Musculoskeletal,Ankle Sprain,"Ankle pain, Bruising, Dizziness, Inability to bear weight, Swelling, Tenderness to touch"
Acute/Surgical,Appendicitis,"Abdominal swelling, Dizziness, Fever, Loss of appetite, Nausea, Pain in lower right abdomen, Vomiting"
Musculoskeletal,Tibial/Fibular Fracture,"Body aches, Bruising, Fatigue, Inability to bear weight, Severe leg pain, Swelling, Visible deformity"
Infectious,Pneumonia,"Body aches, Chest pain, Chills, Cough with phlegm, Difficulty breathing, Fever"
Musculoskeletal,Tibial/Fibular Fracture,"Bruising, Dizziness, Inability to bear weight, Malaise, Severe leg pain, Swelling, Visible deformity"
Chronic,Asthma,"Body aches, Chest tightness, Coughing (especially at night), Shortness of breath, Wheezing"
Musculoskeletal,Ankle Sprain,"Ankle pain, Bruising, Chills, Headache, Inability to bear weight, Swelling, Tenderness to touch"
Infectious,Gastroenteritis (Stomach Flu),"Diarrhea, Fatigue, Fever, Nausea, Stomach cramps, Vomiting, Weakness"
Infectious,Gastroenteritis (Stomach Flu),"Diarrhea, Fatigue, Nausea, Stomach cramps, Vomiting"
Musculoskeletal,Tibial/Fibular Fracture,"Body aches, Bruising, Chills, Inability to bear weight, Severe leg pain, Swelling, Visible deformity, Weakness"
Musculoskeletal,Ankle Sprain,"Ankle pain, Body aches, Bruising, Inability to bear weight, Loss of appetite, Swelling, Tenderness to touch"
Musculoskeletal,Rheumatoid Arthritis,"Dizziness, Fatigue, Fever, Joint pain, Joint stiffness (worse in morning), Swollen joints, Weakness"
Musculoskeletal,Tibial/Fibular Fracture,"Bruising, Chills, Fatigue, Inability to bear weight, Malaise, Severe leg pain, Swelling, Visible deformity"
Infectious,Gastroenteritis (Stomach Flu),"Diarrhea, Fatigue, Nausea, Stomach cramps, Vomiting"
Musculoskeletal,Rheumatoid Arthritis,"Fatigue, Fever, Joint pain, Joint stiffness (worse in morning), Nausea, Swollen joints"
Musculoskeletal,Ankle Sprain,"Ankle pain, Body aches, Bruising, Dizziness, Inability to bear weight, Swelling, Tenderness to touch"
Infectious,COVID-19,"Body aches, Dry cough, Fatigue, Fever, Headache, Loss of taste or smell, Nausea, Shortness of breath"
Infectious,Influenza (Flu),"Body aches, Dry cough, High fever, Runny nose, Sore throat, Weakness"
Allergy,Allergic Rhinitis (Hay Fever),"Itchy, watery eyes, Malaise, Nasal congestion, Runny nose, Sneezing"
Musculoskeletal,Rheumatoid Arthritis,"Chills, Fatigue, Fever, Joint pain, Joint stiffness (worse in morning), Swollen joints"
Acute/Surgical,Appendicitis,"Abdominal swelling, Fever, Headache, Loss of appetite, Nausea, Pain in lower right abdomen, Vomiting"
Infectious,Influenza (Flu),"Body aches, Dry cough, High fever, Loss of appetite, Malaise, Runny nose, Sore throat"
Musculoskeletal,Tibial/Fibular Fracture,"Bruising, Fever, Headache, Inability to bear weight, Loss of appetite, Severe leg pain, Swelling, Visible deformity"
Infectious,Pneumonia,"Chest pain, Chills, Cough with phlegm, Difficulty breathing, Dizziness, Fever, Weakness"
Infectious,COVID-19,"Dry cough, Fatigue, Fever, Headache, Loss of appetite, Loss of taste or smell, Shortness of breath"
Chronic,Asthma,"Chest tightness, Coughing (especially at night), Dizziness, Fever, Loss of appetite, Shortness of breath, Wheezing"
Musculoskeletal,Rheumatoid Arthritis,"Chills, Fatigue, Fever, Joint pain, Joint stiffness (worse in morning), Swollen joints"
Chronic,Asthma,"Chest tightness, Coughing (especially at night), Dizziness, Shortness of breath, Weakness, Wheezing"
Musculoskeletal,Rheumatoid Arthritis,"Dizziness, Fatigue, Fever, Joint pain, Joint stiffness (worse in morning), Swollen joints"
Neurological,Migraine,"Fever, Nausea, Sensitivity to light, Sensitivity to sound, Severe throbbing headache, Visual aura, Vomiting"
Infectious,Urinary Tract Infection (UTI),"Chills, Cloudy or strong-smelling urine, Dizziness, Frequent urination, Pain or burning on urination, Pelvic pain"
Urological,Kidney Stone,"Dizziness, Headache, Nausea, Pain on urination, Pain that radiates to lower abdomen, Pink, red or brown urine, Severe pain in side and back, Weakness"
Allergy,Allergic Rhinitis (Hay Fever),"Itchy, watery eyes, Malaise, Nasal congestion, Runny nose, Sneezing"
Musculoskeletal,Rheumatoid Arthritis,"Body aches, Chills, Fatigue, Fever, Headache, Joint pain, Joint stiffness (worse in morning), Swollen joints"
Musculoskeletal,Tibial/Fibular Fracture,"Body aches, Bruising, Dizziness, Inability to bear weight, Severe leg pain, Swelling, Visible deformity"
Infectious,Strep Throat,"Fever, Loss of appetite, Pain when swallowing, Severe sore throat, Swollen lymph nodes, Swollen tonsils, White patches on tonsils"
Acute/Surgical,Appendicitis,"Abdominal swelling, Dizziness, Fever, Loss of appetite, Nausea, Pain in lower right abdomen, Vomiting"
Infectious,COVID-19,"Dry cough, Fatigue, Fever, Loss of appetite, Loss of taste or smell, Shortness of breath"
Infectious,Pneumonia,"Chest pain, Chills, Cough with phlegm, Difficulty breathing, Fever"
Infectious,Strep Throat,"Dizziness, Fever, Loss of appetite, Pain when swallowing, Severe sore throat, Swollen lymph nodes, Swollen tonsils, White patches on tonsils"
Infectious,Strep Throat,"Fever, Pain when swallowing, Severe sore throat, Swollen lymph nodes, Swollen tonsils, Weakness, White patches on tonsils"
Infectious,Urinary Tract Infection (UTI),"Cloudy or strong-smelling urine, Fatigue, Frequent urination, Pain or burning on urination, Pelvic pain, Weakness"
Infectious,Gastroenteritis (Stomach Flu),"Chills, Diarrhea, Malaise, Nausea, Stomach cramps, Vomiting"
Allergy,Allergic Rhinitis (Hay Fever),"Body aches, Itchy, watery eyes, Nasal congestion, Runny nose, Sneezing, Weakness"
Acute/Surgical,Appendicitis,"Abdominal swelling, Dizziness, Fever, Loss of appetite, Nausea, Pain in lower right abdomen, Vomiting"
Allergy,Allergic Rhinitis (Hay Fever),"Itchy, watery eyes, Nasal congestion, Runny nose, Sneezing, Weakness"
Urological,Kidney Stone,"Chills, Nausea, Pain on urination, Pain that radiates to lower abdomen, Pink, red or brown urine, Severe pain in side and back, Weakness"
Infectious,COVID-19,"Body aches, Chills, Dry cough, Fatigue, Fever, Loss of taste or smell, Shortness of breath"
Infectious,Gastroenteritis (Stomach Flu),"Chills, Diarrhea, Nausea, Stomach cramps, Vomiting"
Musculoskeletal,Rheumatoid Arthritis,"Fatigue, Fever, Joint pain, Joint stiffness (worse in morning), Swollen joints"
Acute/Surgical,Appendicitis,"Abdominal swelling, Fever, Headache, Loss of appetite, Nausea, Pain in lower right abdomen, Vomiting, Weakness"
Musculoskeletal,Ankle Sprain,"Ankle pain, Bruising, Chills, Inability to bear weight, Swelling, Tenderness to touch"
Chronic,Hypertension,"Chills, Dizziness, Headaches, Malaise, Nausea, Nosebleeds, Often asymptomatic, Shortness of breath"
Infectious,Pneumonia,"Chest pain, Chills, Cough with phlegm, Difficulty breathing, Fatigue, Fever, Headache"
Infectious,Gastroenteritis (Stomach Flu),"Body aches, Diarrhea, Nausea, Stomach cramps, Vomiting, Weakness"
Infectious,Strep Throat,"Fever, Pain when swallowing, Severe sore throat, Swollen lymph nodes, Swollen tonsils, Weakness, White patches on tonsils"
Allergy,Allergic Rhinitis (Hay Fever),"Fatigue, Itchy, watery eyes, Nasal congestion, Runny nose, Sneezing"
Chronic,Hypertension,"Dizziness, Headaches, Malaise, Nosebleeds, Often asymptomatic, Shortness of breath"
Urological,Kidney Stone,"Loss of appetite, Nausea, Pain on urination, Pain that radiates to lower abdomen, Pink, red or brown urine, Severe pain in side and back"
Musculoskeletal,Ankle Sprain,"Ankle pain, Body aches, Bruising, Dizziness, Fever, Inability to bear weight, Swelling, Tenderness to touch"
Chronic,Asthma,"Body aches, Chest tightness, Chills, Coughing (especially at night), Loss of appetite, Shortness of breath, Wheezing"
Infectious,Influenza (Flu),"Body aches, Dry cough, High fever, Loss of appetite, Nausea, Runny nose, Sore throat"
Infectious,Urinary Tract Infection (UTI),"Chills, Cloudy or strong-smelling urine, Frequent urination, Pain or burning on urination, Pelvic pain"
Infectious,Strep Throat,"Body aches, Chills, Fever, Pain when swallowing, Severe sore throat, Swollen lymph nodes, Swollen tonsils, Weakness, White patches on tonsils"
Musculoskeletal,Rheumatoid Arthritis,"Fatigue, Fever, Joint pain, Joint stiffness (worse in morning), Loss of appetite, Swollen joints"
Infectious,Urinary Tract Infection (UTI),"Body aches, Cloudy or strong-smelling urine, Frequent urination, Headache, Pain or burning on urination, Pelvic pain"
Musculoskeletal,Rheumatoid Arthritis,"Fatigue, Fever, Joint pain, Joint stiffness (worse in morning), Loss of appetite, Malaise, Swollen joints"
Infectious,Strep Throat,"Dizziness, Fatigue, Fever, Pain when swallowing, Severe sore throat, Swollen lymph nodes, Swollen tonsils, Weakness, White patches on tonsils"
Chronic,Hypertension,"Body aches, Dizziness, Headaches, Nosebleeds, Often asymptomatic, Shortness of breath"
Acute/Surgical,Appendicitis,"Abdominal swelling, Body aches, Fever, Loss of appetite, Nausea, Pain in lower right abdomen, Vomiting"
Infectious,Influenza (Flu),"Body aches, Dry cough, High fever, Malaise, Nausea, Runny nose, Sore throat"
Infectious,COVID-19,"Dizziness, Dry cough, Fatigue, Fever, Loss of appetite, Loss of taste or smell, Malaise, Shortness of breath"
Neurological,Migraine,"Body aches, Fatigue, Fever, Nausea, Sensitivity to light, Sensitivity to sound, Severe throbbing headache, Visual aura, Vomiting"
Infectious,Pneumonia,"Chest pain, Chills, Cough with phlegm, Difficulty breathing, Fever, Malaise"
Musculoskeletal,Ankle Sprain,"Ankle pain, Bruising, Inability to bear weight, Swelling, Tenderness to touch, Weakness"
Urological,Kidney Stone,"Body aches, Headache, Nausea, Pain on urination, Pain that radiates to lower abdomen, Pink, red or brown urine, Severe pain in side and back"
Chronic,Type 2 Diabetes,"Blurry vision, Dizziness, Excessive thirst, Fatigue, Frequent urination, Increased hunger, Nausea, Slow-healing sores, Unexplained weight loss"
Infectious,COVID-19,"Dry cough, Fatigue, Fever, Loss of appetite, Loss of taste or smell, Shortness of breath"
Infectious,COVID-19,"Chills, Dry cough, Fatigue, Fever, Loss of taste or smell, Shortness of breath"
Urological,Kidney Stone,"Loss of appetite, Nausea, Pain on urination, Pain that radiates to lower abdomen, Pink, red or brown urine, Severe pain in side and back"
Musculoskeletal,Ankle Sprain,"Ankle pain, Bruising, Fatigue, Inability to bear weight, Swelling, Tenderness to touch"
Infectious,Urinary Tract Infection (UTI),"Chills, Cloudy or strong-smelling urine, Frequent urination, Nausea, Pain or burning on urination, Pelvic pain"
Chronic,Asthma,"Chest tightness, Coughing (especially at night), Dizziness, Shortness of breath, Wheezing"
Neurological,Migraine,"Body aches, Malaise, Nausea, Sensitivity to light, Sensitivity to sound, Severe throbbing headache, Visual aura, Vomiting"
Neurological,Migraine,"Body aches, Dizziness, Nausea, Sensitivity to light, Sensitivity to sound, Severe throbbing headache, Visual aura, Vomiting, Weakness"
Urological,Kidney Stone,"Dizziness, Nausea, Pain on urination, Pain that radiates to lower abdomen, Pink, red or brown urine, Severe pain in side and back"
Allergy,Allergic Rhinitis (Hay Fever),"Chills, Itchy, watery eyes, Malaise, Nasal congestion, Runny nose, Sneezing"
Musculoskeletal,Ankle Sprain,"Ankle pain, Bruising, Inability to bear weight, Nausea, Swelling, Tenderness to touch, Weakness"
Chronic,Hypertension,"Chills, Dizziness, Headaches, Nosebleeds, Often asymptomatic, Shortness of breath, Weakness"
Allergy,Allergic Rhinitis (Hay Fever),"Itchy, watery eyes, Nasal congestion, Nausea, Runny nose, Sneezing"
Neurological,Migraine,"Chills, Nausea, Sensitivity to light, Sensitivity to sound, Severe throbbing headache, Visual aura, Vomiting"
Urological,Kidney Stone,"Body aches, Headache, Nausea, Pain on urination, Pain that radiates to lower abdomen, Pink, red or brown urine, Severe pain in side and back"
Musculoskeletal,Ankle Sprain,"Ankle pain, Bruising, Fever, Inability to bear weight, Malaise, Swelling, Tenderness to touch"
Infectious,Pneumonia,"Chest pain, Chills, Cough with phlegm, Difficulty breathing, Dizziness, Fatigue, Fever, Malaise"
Neurological,Migraine,"Chills, Nausea, Sensitivity to light, Sensitivity to sound, Severe throbbing headache, Visual aura, Vomiting"
Chronic,Asthma,"Chest tightness, Coughing (especially at night), Malaise, Nausea, Shortness of breath, Wheezing"
Infectious,Urinary Tract Infection (UTI),"Body aches, Cloudy or strong-smelling urine, Frequent urination, Pain or burning on urination, Pelvic pain"
Musculoskeletal,Ankle Sprain,"Ankle pain, Bruising, Fatigue, Inability to bear weight, Swelling, Tenderness to touch"
Infectious,Urinary Tract Infection (UTI),"Body aches, Cloudy or strong-smelling urine, Frequent urination, Headache, Pain or burning on urination, Pelvic pain"
Chronic,Hypertension,"Dizziness, Fatigue, Fever, Headaches, Malaise, Nosebleeds, Often asymptomatic, Shortness of breath"
Urological,Kidney Stone,"Chills, Nausea, Pain on urination, Pain that radiates to lower abdomen, Pink, red or brown urine, Severe pain in side and back"
Infectious,Pneumonia,"Chest pain, Chills, Cough with phlegm, Difficulty breathing, Fever"
Urological,Kidney Stone,"Fatigue, Nausea, Pain on urination, Pain that radiates to lower abdomen, Pink, red or brown urine, Severe pain in side and back"
Acute/Surgical,Appendicitis,"Abdominal swelling, Chills, Fever, Loss of appetite, Nausea, Pain in lower right abdomen, Vomiting"
Infectious,Influenza (Flu),"Body aches, Chills, Dry cough, High fever, Runny nose, Sore throat"
Infectious,Pneumonia,"Chest pain, Chills, Cough with phlegm, Difficulty breathing, Fever, Loss of appetite, Nausea"
Chronic,Hypertension,"Body aches, Dizziness, Headaches, Nosebleeds, Often asymptomatic, Shortness of breath"
Infectious,Urinary Tract Infection (UTI),"Cloudy or strong-smelling urine, Frequent urination, Headache, Malaise, Pain or burning on urination, Pelvic pain"
Acute/Surgical,Appendicitis,"Abdominal swelling, Fever, Headache, Loss of appetite, Nausea, Pain in lower right abdomen, Vomiting"
Infectious,COVID-19,"Dry cough, Fatigue, Fever, Loss of appetite, Loss of taste or smell, Shortness of breath"
Musculoskeletal,Rheumatoid Arthritis,"Fatigue, Fever, Joint pain, Joint stiffness (worse in morning), Loss of appetite, Nausea, Swollen joints"
Infectious,Influenza (Flu),"Body aches, Dizziness, Dry cough, Fever, High fever, Runny nose, Sore throat"
Infectious,COVID-19,"Body aches, Dry cough, Fatigue, Fever, Headache, Loss of taste or smell, Shortness of breath"
Urological,Kidney Stone,"Headache, Nausea, Pain on urination, Pain that radiates to lower abdomen, Pink, red or brown urine, Severe pain in side and back"
Musculoskeletal,Ankle Sprain,"Ankle pain, Bruising, Inability to bear weight, Loss of appetite, Nausea, Swelling, Tenderness to touch"
Infectious,Strep Throat,"Fever, Pain when swallowing, Severe sore throat, Swollen lymph nodes, Swollen tonsils, White patches on tonsils"
Infectious,Pneumonia,"Chest pain, Chills, Cough with phlegm, Difficulty breathing, Fatigue, Fever, Headache, Malaise"
Acute/Surgical,Appendicitis,"Abdominal swelling, Fever, Headache, Loss of appetite, Nausea, Pain in lower right abdomen, Vomiting"
Infectious,Pneumonia,"Chest pain, Chills, Cough with phlegm, Difficulty breathing, Fever, Weakness"
Acute/Surgical,Appendicitis,"Abdominal swelling, Chills, Dizziness, Fever, Loss of appetite, Nausea, Pain in lower right abdomen, Vomiting"
Musculoskeletal,Ankle Sprain,"Ankle pain, Bruising, Fever, Inability to bear weight, Swelling, Tenderness to touch"
Acute/Surgical,Appendicitis,"Abdominal swelling, Chills, Fever, Loss of appetite, Malaise, Nausea, Pain in lower right abdomen, Vomiting"
Chronic,Asthma,"Body aches, Chest tightness, Coughing (especially at night), Shortness of breath, Weakness, Wheezing"
Infectious,Influenza (Flu),"Body aches, Dry cough, High fever, Nausea, Runny nose, Sore throat, Weakness"
Infectious,COVID-19,"Dry cough, Fatigue, Fever, Loss of taste or smell, Shortness of breath, Weakness"
Infectious,Influenza (Flu),"Body aches, Dry cough, High fever, Loss of appetite, Runny nose, Sore throat, Weakness"
Infectious,Urinary Tract Infection (UTI),"Cloudy or strong-smelling urine, Dizziness, Frequent urination, Pain or burning on urination, Pelvic pain"
Chronic,Type 2 Diabetes,"Blurry vision, Body aches, Excessive thirst, Frequent urination, Increased hunger, Slow-healing sores, Unexplained weight loss"
Urological,Kidney Stone,"Malaise, Nausea, Pain on urination, Pain that radiates to lower abdomen, Pink, red or brown urine, Severe pain in side and back"
Infectious,COVID-19,"Dizziness, Dry cough, Fatigue, Fever, Loss of appetite, Loss of taste or smell, Shortness of breath"
Infectious,Influenza (Flu),"Body aches, Dizziness, Dry cough, Fatigue, High fever, Runny nose, Sore throat"
Acute/Surgical,Appendicitis,"Abdominal swelling, Body aches, Fatigue, Fever, Loss of appetite, Nausea, Pain in lower right abdomen, Vomiting"
Chronic,Hypertension,"Dizziness, Headaches, Loss of appetite, Malaise, Nosebleeds, Often asymptomatic, Shortness of breath"
Allergy,Allergic Rhinitis (Hay Fever),"Itchy, watery eyes, Nasal congestion, Nausea, Runny nose, Sneezing, Weakness"
Neurological,Migraine,"Body aches, Dizziness, Nausea, Sensitivity to light, Sensitivity to sound, Severe throbbing headache, Visual aura, Vomiting"
Chronic,Hypertension,"Body aches, Dizziness, Fatigue, Headaches, Nosebleeds, Often asymptomatic, Shortness of breath"
Neurological,Migraine,"Dizziness, Malaise, Nausea, Sensitivity to light, Sensitivity to sound, Severe throbbing headache, Visual aura, Vomiting, Weakness"
Chronic,Asthma,"Chest tightness, Coughing (especially at night), Nausea, Shortness of breath, Wheezing"
Urological,Kidney Stone,"Fatigue, Headache, Nausea, Pain on urination, Pain that radiates to lower abdomen, Pink, red or brown urine, Severe pain in side and back, Weakness"
Acute/Surgical,Appendicitis,"Abdominal swelling, Fever, Loss of appetite, Nausea, Pain in lower right abdomen, Vomiting"
Neurological,Migraine,"Fatigue, Loss of appetite, Malaise, Nausea, Sensitivity to light, Sensitivity to sound, Severe throbbing headache, Visual aura, Vomiting"
Acute/Surgical,Appendicitis,"Abdominal swelling, Body aches, Chills, Fever, Loss of appetite, Malaise, Nausea, Pain in lower right abdomen, Vomiting"
Neurological,Migraine,"Chills, Nausea, Sensitivity to light, Sensitivity to sound, Severe throbbing headache, Visual aura, Vomiting, Weakness"
Infectious,Pneumonia,"Chest pain, Chills, Cough with phlegm, Difficulty breathing, Dizziness, Fever, Malaise"
Allergy,Allergic Rhinitis (Hay Fever),"Body aches, Itchy, watery eyes, Nasal congestion, Runny nose, Sneezing"
Musculoskeletal,Tibial/Fibular Fracture,"Bruising, Chills, Inability to bear weight, Severe leg pain, Swelling, Visible deformity"
Allergy,Allergic Rhinitis (Hay Fever),"Chills, Headache, Itchy, watery eyes, Nasal congestion, Runny nose, Sneezing, Weakness"
Infectious,Pneumonia,"Chest pain, Chills, Cough with phlegm, Difficulty breathing, Fever, Weakness"
Neurological,Migraine,"Loss of appetite, Nausea, Sensitivity to light, Sensitivity to sound, Severe throbbing headache, Visual aura, Vomiting"
Musculoskeletal,Tibial/Fibular Fracture,"Bruising, Dizziness, Fatigue, Inability to bear weight, Severe leg pain, Swelling, Visible deformity, Weakness"
Chronic,Asthma,"Chest tightness, Coughing (especially at night), Fever, Shortness of breath, Wheezing"
Infectious,Influenza (Flu),"Body aches, Chills, Dry cough, High fever, Runny nose, Sore throat"
Neurological,Migraine,"Fever, Malaise, Nausea, Sensitivity to light, Sensitivity to sound, Severe throbbing headache, Visual aura, Vomiting"
Chronic,Hypertension,"Body aches, Dizziness, Headache, Headaches, Nosebleeds, Often asymptomatic, Shortness of breath"
Infectious,Influenza (Flu),"Body aches, Chills, Dry cough, Fever, Headache, High fever, Runny nose, Sore throat"
Infectious,Gastroenteritis (Stomach Flu),"Chills, Diarrhea, Fatigue, Malaise, Nausea, Stomach cramps, Vomiting"
Infectious,Pneumonia,"Body aches, Chest pain, Chills, Cough with phlegm, Difficulty breathing, Fever"
Urological,Kidney Stone,"Body aches, Fatigue, Nausea, Pain on urination, Pain that radiates to lower abdomen, Pink, red or brown urine, Severe pain in side and back"
Urological,Kidney Stone,"Nausea, Pain on urination, Pain that radiates to lower abdomen, Pink, red or brown urine, Severe pain in side and back, Weakness"
Infectious,Strep Throat,"Body aches, Dizziness, Fever, Malaise, Pain when swallowing, Severe sore throat, Swollen lymph nodes, Swollen tonsils, White patches on tonsils"
Infectious,Urinary Tract Infection (UTI),"Cloudy or strong-smelling urine, Frequent urination, Malaise, Pain or burning on urination, Pelvic pain"
Chronic,Asthma,"Chest tightness, Coughing (especially at night), Fatigue, Headache, Shortness of breath, Wheezing"
Chronic,Asthma,"Chest tightness, Coughing (especially at night), Loss of appetite, Shortness of breath, Wheezing"
Chronic,Hypertension,"Body aches, Chills, Dizziness, Fever, Headaches, Nosebleeds, Often asymptomatic, Shortness of breath"
Musculoskeletal,Rheumatoid Arthritis,"Fatigue, Fever, Headache, Joint pain, Joint stiffness (worse in morning), Swollen joints, Weakness"
Chronic,Asthma,"Chest tightness, Chills, Coughing (especially at night), Fatigue, Loss of appetite, Shortness of breath, Wheezing"
Allergy,Allergic Rhinitis (Hay Fever),"Fever, Headache, Itchy, watery eyes, Malaise, Nasal congestion, Runny nose, Sneezing"
Chronic,Hypertension,"Dizziness, Fever, Headaches, Nosebleeds, Often asymptomatic, Shortness of breath, Weakness"
Acute/Surgical,Appendicitis,"Abdominal swelling, Fever, Loss of appetite, Nausea, Pain in lower right abdomen, Vomiting"
Allergy,Allergic Rhinitis (Hay Fever),"Body aches, Headache, Itchy, watery eyes, Nasal congestion, Runny nose, Sneezing"
Infectious,Urinary Tract Infection (UTI),"Body aches, Cloudy or strong-smelling urine, Frequent urination, Nausea, Pain or burning on urination, Pelvic pain"
Musculoskeletal,Ankle Sprain,"Ankle pain, Bruising, Fatigue, Inability to bear weight, Nausea, Swelling, Tenderness to touch"
Musculoskeletal,Ankle Sprain,"Ankle pain, Bruising, Chills, Fever, Inability to bear weight, Swelling, Tenderness to touch"
Musculoskeletal,Rheumatoid Arthritis,"Dizziness, Fatigue, Fever, Joint pain, Joint stiffness (worse in morning), Swollen joints"
Chronic,Type 2 Diabetes,"Blurry vision, Excessive thirst, Frequent urination, Headache, Increased hunger, Malaise, Slow-healing sores, Unexplained weight loss"
Infectious,Strep Throat,"Fever, Malaise, Pain when swallowing, Severe sore throat, Swollen lymph nodes, Swollen tonsils, White patches on tonsils"
Infectious,COVID-19,"Body aches, Dry cough, Fatigue, Fever, Loss of taste or smell, Nausea, Shortness of breath"
Infectious,Influenza (Flu),"Body aches, Dry cough, High fever, Runny nose, Sore throat"
Infectious,Influenza (Flu),"Body aches, Dry cough, High fever, Malaise, Runny nose, Sore throat"
Infectious,Gastroenteritis (Stomach Flu),"Chills, Diarrhea, Fever, Nausea, Stomach cramps, Vomiting"
Musculoskeletal,Rheumatoid Arthritis,"Fatigue, Fever, Joint pain, Joint stiffness (worse in morning), Malaise, Swollen joints"
Acute/Surgical,Appendicitis,"Abdominal swelling, Chills, Fever, Loss of appetite, Nausea, Pain in lower right abdomen, Vomiting"
Musculoskeletal,Rheumatoid Arthritis,"Body aches, Fatigue, Fever, Joint pain, Joint stiffness (worse in morning), Swollen joints"
Infectious,Influenza (Flu),"Body aches, Dry cough, High fever, Loss of appetite, Runny nose, Sore throat"
Urological,Kidney Stone,"Headache, Nausea, Pain on urination, Pain that radiates to lower abdomen, Pink, red or brown urine, Severe pain in side and back"
Acute/Surgical,Appendicitis,"Abdominal swelling, Chills, Fever, Loss of appetite, Nausea, Pain in lower right abdomen, Vomiting"
Allergy,Allergic Rhinitis (Hay Fever),"Body aches, Itchy, watery eyes, Malaise, Nasal congestion, Runny nose, Sneezing"
Musculoskeletal,Tibial/Fibular Fracture,"Bruising, Inability to bear weight, Nausea, Severe leg pain, Swelling, Visible deformity, Weakness"
Chronic,Hypertension,"Dizziness, Fever, Headaches, Loss of appetite, Nosebleeds, Often asymptomatic, Shortness of breath"
Chronic,Type 2 Diabetes,"Blurry vision, Chills, Excessive thirst, Frequent urination, Increased hunger, Loss of appetite, Malaise, Slow-healing sores, Unexplained weight loss"
Musculoskeletal,Tibial/Fibular Fracture,"Bruising, Dizziness, Inability to bear weight, Nausea, Severe leg pain, Swelling, Visible deformity"
Chronic,Type 2 Diabetes,"Blurry vision, Excessive thirst, Fever, Frequent urination, Headache, Increased hunger, Slow-healing sores, Unexplained weight loss"
Infectious,Urinary Tract Infection (UTI),"Body aches, Cloudy or strong-smelling urine, Frequent urination, Headache, Malaise, Pain or burning on urination, Pelvic pain"
Musculoskeletal,Tibial/Fibular Fracture,"Bruising, Fatigue, Headache, Inability to bear weight, Malaise, Severe leg pain, Swelling, Visible deformity"
Musculoskeletal,Tibial/Fibular Fracture,"Bruising, Dizziness, Inability to bear weight, Malaise, Severe leg pain, Swelling, Visible deformity"
Neurological,Migraine,"Fatigue, Malaise, Nausea, Sensitivity to light, Sensitivity to sound, Severe throbbing headache, Visual aura, Vomiting"
Musculoskeletal,Tibial/Fibular Fracture,"Bruising, Headache, Inability to bear weight, Severe leg pain, Swelling, Visible deformity"
Musculoskeletal,Tibial/Fibular Fracture,"Bruising, Chills, Inability to bear weight, Severe leg pain, Swelling, Visible deformity"
Infectious,Strep Throat,"Fever, Headache, Pain when swallowing, Severe sore throat, Swollen lymph nodes, Swollen tonsils, White patches on tonsils"
Musculoskeletal,Tibial/Fibular Fracture,"Bruising, Dizziness, Fatigue, Inability to bear weight, Malaise, Severe leg pain, Swelling, Visible deformity"
Neurological,Migraine,"Chills, Fever, Nausea, Sensitivity to light, Sensitivity to sound, Severe throbbing headache, Visual aura, Vomiting"
Infectious,Influenza (Flu),"Body aches, Dizziness, Dry cough, Fever, High fever, Runny nose, Sore throat"
Acute/Surgical,Appendicitis,"Abdominal swelling, Fatigue, Fever, Loss of appetite, Nausea, Pain in lower right abdomen, Vomiting"
Infectious,Strep Throat,"Chills, Fever, Pain when swallowing, Severe sore throat, Swollen lymph nodes, Swollen tonsils, White patches on tonsils"
Infectious,Gastroenteritis (Stomach Flu),"Diarrhea, Nausea, Stomach cramps, Vomiting, Weakness"
Infectious,Strep Throat,"Fever, Headache, Pain when swallowing, Severe sore throat, Swollen lymph nodes, Swollen tonsils, White patches on tonsils"
Musculoskeletal,Ankle Sprain,"Ankle pain, Bruising, Fatigue, Inability to bear weight, Swelling, Tenderness to touch, Weakness"
Allergy,Allergic Rhinitis (Hay Fever),"Fatigue, Itchy, watery eyes, Nasal congestion, Runny nose, Sneezing, Weakness"
Chronic,Asthma,"Chest tightness, Coughing (especially at night), Fever, Shortness of breath, Weakness, Wheezing"
Chronic,Type 2 Diabetes,"Blurry vision, Body aches, Chills, Excessive thirst, Fatigue, Frequent urination, Increased hunger, Slow-healing sores, Unexplained weight loss"
Infectious,Gastroenteritis (Stomach Flu),"Diarrhea, Nausea, Stomach cramps, Vomiting, Weakness"
Infectious,Influenza (Flu),"Body aches, Dry cough, Fatigue, Fever, High fever, Runny nose, Sore throat"
Chronic,Type 2 Diabetes,"Blurry vision, Excessive thirst, Fever, Frequent urination, Increased hunger, Slow-healing sores, Unexplained weight loss, Weakness"
Chronic,Hypertension,"Dizziness, Fatigue, Headaches, Malaise, Nosebleeds, Often asymptomatic, Shortness of breath"
Neurological,Migraine,"Headache, Nausea, Sensitivity to light, Sensitivity to sound, Severe throbbing headache, Visual aura, Vomiting"
Chronic,Hypertension,"Dizziness, Fatigue, Headaches, Malaise, Nosebleeds, Often asymptomatic, Shortness of breath"
Chronic,Type 2 Diabetes,"Blurry vision, Chills, Dizziness, Excessive thirst, Frequent urination, Increased hunger, Slow-healing sores, Unexplained weight loss"
Infectious,Strep Throat,"Dizziness, Fever, Malaise, Pain when swallowing, Severe sore throat, Swollen lymph nodes, Swollen tonsils, White patches on tonsils"
Urological,Kidney Stone,"Loss of appetite, Nausea, Pain on urination, Pain that radiates to lower abdomen, Pink, red or brown urine, Severe pain in side and back"
Infectious,COVID-19,"Body aches, Dry cough, Fatigue, Fever, Loss of taste or smell, Shortness of breath"
Musculoskeletal,Rheumatoid Arthritis,"Chills, Fatigue, Fever, Joint pain, Joint stiffness (worse in morning), Swollen joints"
Neurological,Migraine,"Chills, Fatigue, Nausea, Sensitivity to light, Sensitivity to sound, Severe throbbing headache, Visual aura, Vomiting"
Infectious,Pneumonia,"Chest pain, Chills, Cough with phlegm, Difficulty breathing, Fatigue, Fever"
Infectious,Urinary Tract Infection (UTI),"Body aches, Cloudy or strong-smelling urine, Dizziness, Fatigue, Frequent urination, Pain or burning on urination, Pelvic pain"
Infectious,Urinary Tract Infection (UTI),"Cloudy or strong-smelling urine, Dizziness, Frequent urination, Loss of appetite, Pain or burning on urination, Pelvic pain, Weakness"
Chronic,Asthma,"Chest tightness, Coughing (especially at night), Shortness of breath, Weakness, Wheezing"
Musculoskeletal,Tibial/Fibular Fracture,"Body aches, Bruising, Fatigue, Inability to bear weight, Severe leg pain, Swelling, Visible deformity"
Urological,Kidney Stone,"Dizziness, Headache, Nausea, Pain on urination, Pain that radiates to lower abdomen, Pink, red or brown urine, Severe pain in side and back"
Chronic,Type 2 Diabetes,"Blurry vision, Body aches, Excessive thirst, Fever, Frequent urination, Increased hunger, Slow-healing sores, Unexplained weight loss"
Infectious,Gastroenteritis (Stomach Flu),"Diarrhea, Fatigue, Nausea, Stomach cramps, Vomiting"
Musculoskeletal,Ankle Sprain,"Ankle pain, Bruising, Dizziness, Fatigue, Inability to bear weight, Swelling, Tenderness to touch, Weakness"
Neurological,Migraine,"Body aches, Dizziness, Nausea, Sensitivity to light, Sensitivity to sound, Severe throbbing headache, Visual aura, Vomiting"
Infectious,Gastroenteritis (Stomach Flu),"Chills, Diarrhea, Nausea, Stomach cramps, Vomiting"
Infectious,Pneumonia,"Chest pain, Chills, Cough with phlegm, Difficulty breathing, Fatigue, Fever, Headache"
Allergy,Allergic Rhinitis (Hay Fever),"Body aches, Itchy, watery eyes, Malaise, Nasal congestion, Runny nose, Sneezing"
Allergy,Allergic Rhinitis (Hay Fever),"Headache, Itchy, watery eyes, Nasal congestion, Runny nose, Sneezing"
Allergy,Allergic Rhinitis (Hay Fever),"Fatigue, Itchy, watery eyes, Malaise, Nasal congestion, Runny nose, Sneezing, Weakness"
Musculoskeletal,Ankle Sprain,"Ankle pain, Bruising, Dizziness, Fever, Inability to bear weight, Swelling, Tenderness to touch"
Infectious,Gastroenteritis (Stomach Flu),"Chills, Diarrhea, Fever, Malaise, Nausea, Stomach cramps, Vomiting"
Neurological,Migraine,"Nausea, Sensitivity to light, Sensitivity to sound, Severe throbbing headache, Visual aura, Vomiting, Weakness"
Infectious,Gastroenteritis (Stomach Flu),"Body aches, Diarrhea, Fever, Nausea, Stomach cramps, Vomiting"
Infectious,Strep Throat,"Fever, Headache, Pain when swallowing, Severe sore throat, Swollen lymph nodes, Swollen tonsils, White patches on tonsils"
Musculoskeletal,Tibial/Fibular Fracture,"Body aches, Bruising, Dizziness, Fatigue, Inability to bear weight, Severe leg pain, Swelling, Visible deformity"
Infectious,COVID-19,"Body aches, Dry cough, Fatigue, Fever, Loss of taste or smell, Nausea, Shortness of breath"
Chronic,Type 2 Diabetes,"Blurry vision, Body aches, Chills, Excessive thirst, Frequent urination, Increased hunger, Slow-healing sores, Unexplained weight loss, Weakness"
Musculoskeletal,Tibial/Fibular Fracture,"Body aches, Bruising, Fever, Inability to bear weight, Nausea, Severe leg pain, Swelling, Visible deformity"
Infectious,Gastroenteritis (Stomach Flu),"Diarrhea, Fatigue, Loss of appetite, Nausea, Stomach cramps, Vomiting"
Chronic,Type 2 Diabetes,"Blurry vision, Excessive thirst, Frequent urination, Headache, Increased hunger, Slow-healing sores, Unexplained weight loss"
Infectious,Gastroenteritis (Stomach Flu),"Diarrhea, Headache, Nausea, Stomach cramps, Vomiting"
Urological,Kidney Stone,"Fever, Nausea, Pain on urination, Pain that radiates to lower abdomen, Pink, red or brown urine, Severe pain in side and back"
Chronic,Type 2 Diabetes,"Blurry vision, Excessive thirst, Frequent urination, Increased hunger, Loss of appetite, Slow-healing sores, Unexplained weight loss"
Infectious,Strep Throat,"Chills, Fever, Pain when swallowing, Severe sore throat, Swollen lymph nodes, Swollen tonsils, White patches on tonsils"
Musculoskeletal,Ankle Sprain,"Ankle pain, Bruising, Chills, Inability to bear weight, Loss of appetite, Swelling, Tenderness to touch"
Neurological,Migraine,"Dizziness, Headache, Malaise, Nausea, Sensitivity to light, Sensitivity to sound, Severe throbbing headache, Visual aura, Vomiting"
Neurological,Migraine,"Body aches, Fever, Headache, Nausea, Sensitivity to light, Sensitivity to sound, Severe throbbing headache, Visual aura, Vomiting"
Infectious,COVID-19,"Dry cough, Fatigue, Fever, Headache, Loss of taste or smell, Shortness of breath"
Chronic,Type 2 Diabetes,"Blurry vision, Dizziness, Excessive thirst, Frequent urination, Increased hunger, Loss of appetite, Slow-healing sores, Unexplained weight loss"
Chronic,Hypertension,"Dizziness, Fatigue, Headaches, Nosebleeds, Often asymptomatic, Shortness of breath"
Infectious,Influenza (Flu),"Body aches, Dizziness, Dry cough, Fatigue, High fever, Runny nose, Sore throat"
Infectious,Urinary Tract Infection (UTI),"Cloudy or strong-smelling urine, Frequent urination, Pain or burning on urination, Pelvic pain, Weakness"
Infectious,Pneumonia,"Body aches, Chest pain, Chills, Cough with phlegm, Difficulty breathing, Dizziness, Fever"
Infectious,Pneumonia,"Body aches, Chest pain, Chills, Cough with phlegm, Difficulty breathing, Dizziness, Fever"
Infectious,Urinary Tract Infection (UTI),"Chills, Cloudy or strong-smelling urine, Frequent urination, Pain or burning on urination, Pelvic pain"
Urological,Kidney Stone,"Fatigue, Loss of appetite, Nausea, Pain on urination, Pain that radiates to lower abdomen, Pink, red or brown urine, Severe pain in side and back"
Acute/Surgical,Appendicitis,"Abdominal swelling, Fever, Headache, Loss of appetite, Malaise, Nausea, Pain in lower right abdomen, Vomiting"
Infectious,Strep Throat,"Fever, Headache, Nausea, Pain when swallowing, Severe sore throat, Swollen lymph nodes, Swollen tonsils, White patches on tonsils"
Infectious,Pneumonia,"Body aches, Chest pain, Chills, Cough with phlegm, Difficulty breathing, Dizziness, Fatigue, Fever"
Urological,Kidney Stone,"Dizziness, Nausea, Pain on urination, Pain that radiates to lower abdomen, Pink, red or brown urine, Severe pain in side and back"
Chronic,Asthma,"Chest tightness, Coughing (especially at night), Fever, Headache, Shortness of breath, Weakness, Wheezing"
Musculoskeletal,Rheumatoid Arthritis,"Chills, Dizziness, Fatigue, Fever, Joint pain, Joint stiffness (worse in morning), Swollen joints"
Allergy,Allergic Rhinitis (Hay Fever),"Chills, Itchy, watery eyes, Malaise, Nasal congestion, Nausea, Runny nose, Sneezing"
Chronic,Type 2 Diabetes,"Blurry vision, Excessive thirst, Fever, Frequent urination, Headache, Increased hunger, Loss of appetite, Slow-healing sores, Unexplained weight loss"
Musculoskeletal,Rheumatoid Arthritis,"Fatigue, Fever, Joint pain, Joint stiffness (worse in morning), Loss of appetite, Swollen joints"
Chronic,Hypertension,"Dizziness, Fatigue, Headaches, Nosebleeds, Often asymptomatic, Shortness of breath, Weakness"
Chronic,Asthma,"Chest tightness, Chills, Coughing (especially at night), Loss of appetite, Shortness of breath, Wheezing"
Infectious,Gastroenteritis (Stomach Flu),"Diarrhea, Malaise, Nausea, Stomach cramps, Vomiting"
Infectious,Strep Throat,"Fever, Pain when swallowing, Severe sore throat, Swollen lymph nodes, Swollen tonsils, White patches on tonsils"
Allergy,Allergic Rhinitis (Hay Fever),"Fever, Itchy, watery eyes, Nasal congestion, Runny nose, Sneezing"
Acute/Surgical,Appendicitis,"Abdominal swelling, Fatigue, Fever, Loss of appetite, Nausea, Pain in lower right abdomen, Vomiting"
Infectious,Strep Throat,"Fever, Pain when swallowing, Severe sore throat, Swollen lymph nodes, Swollen tonsils, White patches on tonsils"
Urological,Kidney Stone,"Dizziness, Headache, Loss of appetite, Nausea, Pain on urination, Pain that radiates to lower abdomen, Pink, red or brown urine, Severe pain in side and back"
Chronic,Type 2 Diabetes,"Blurry vision, Chills, Dizziness, Excessive thirst, Frequent urination, Increased hunger, Slow-healing sores, Unexplained weight loss, Weakness"
Acute/Surgical,Appendicitis,"Abdominal swelling, Fatigue, Fever, Loss of appetite, Malaise, Nausea, Pain in lower right abdomen, Vomiting"
Infectious,Gastroenteritis (Stomach Flu),"Chills, Diarrhea, Nausea, Stomach cramps, Vomiting"
Infectious,Gastroenteritis (Stomach Flu),"Body aches, Diarrhea, Headache, Nausea, Stomach cramps, Vomiting, Weakness"
Chronic,Hypertension,"Dizziness, Fatigue, Fever, Headaches, Nosebleeds, Often asymptomatic, Shortness of breath, Weakness"
Infectious,Gastroenteritis (Stomach Flu),"Diarrhea, Fever, Headache, Malaise, Nausea, Stomach cramps, Vomiting"
Infectious,Urinary Tract Infection (UTI),"Body aches, Cloudy or strong-smelling urine, Fatigue, Frequent urination, Pain or burning on urination, Pelvic pain"
Infectious,Strep Throat,"Fatigue, Fever, Headache, Loss of appetite, Pain when swallowing, Severe sore throat, Swollen lymph nodes, Swollen tonsils, White patches on tonsils"
Chronic,Type 2 Diabetes,"Blurry vision, Dizziness, Excessive thirst, Frequent urination, Increased hunger, Loss of appetite, Slow-healing sores, Unexplained weight loss, Weakness"
Chronic,Type 2 Diabetes,"Blurry vision, Excessive thirst, Fatigue, Fever, Frequent urination, Increased hunger, Loss of appetite, Slow-healing sores, Unexplained weight loss"
Chronic,Hypertension,"Dizziness, Fatigue, Headache, Headaches, Nosebleeds, Often asymptomatic, Shortness of breath, Weakness"
Urological,Kidney Stone,"Malaise, Nausea, Pain on urination, Pain that radiates to lower abdomen, Pink, red or brown urine, Severe pain in side and back, Weakness"
Infectious,Pneumonia,"Chest pain, Chills, Cough with phlegm, Difficulty breathing, Fever, Headache"
Musculoskeletal,Ankle Sprain,"Ankle pain, Bruising, Inability to bear weight, Malaise, Swelling, Tenderness to touch"
Infectious,Strep Throat,"Fever, Loss of appetite, Pain when swallowing, Severe sore throat, Swollen lymph nodes, Swollen tonsils, White patches on tonsils"
Allergy,Allergic Rhinitis (Hay Fever),"Headache, Itchy, watery eyes, Loss of appetite, Nasal congestion, Nausea, Runny nose, Sneezing"
Infectious,Gastroenteritis (Stomach Flu),"Diarrhea, Fever, Nausea, Stomach cramps, Vomiting"
Infectious,Pneumonia,"Body aches, Chest pain, Chills, Cough with phlegm, Difficulty breathing, Dizziness, Fever, Headache"
Musculoskeletal,Rheumatoid Arthritis,"Body aches, Fatigue, Fever, Headache, Joint pain, Joint stiffness (worse in morning), Malaise, Swollen joints"
Infectious,Gastroenteritis (Stomach Flu),"Diarrhea, Dizziness, Nausea, Stomach cramps, Vomiting"
Infectious,Pneumonia,"Chest pain, Chills, Cough with phlegm, Difficulty breathing, Fever, Nausea"
Musculoskeletal,Rheumatoid Arthritis,"Fatigue, Fever, Joint pain, Joint stiffness (worse in morning), Loss of appetite, Malaise, Nausea, Swollen joints"
Chronic,Asthma,"Body aches, Chest tightness, Coughing (especially at night), Nausea, Shortness of breath, Wheezing"
Urological,Kidney Stone,"Nausea, Pain on urination, Pain that radiates to lower abdomen, Pink, red or brown urine, Severe pain in side and back"
Allergy,Allergic Rhinitis (Hay Fever),"Itchy, watery eyes, Nasal congestion, Runny nose, Sneezing, Weakness"
Urological,Kidney Stone,"Fatigue, Nausea, Pain on urination, Pain that radiates to lower abdomen, Pink, red or brown urine, Severe pain in side and back"
Infectious,Influenza (Flu),"Body aches, Dry cough, Headache, High fever, Runny nose, Sore throat"
Neurological,Migraine,"Body aches, Nausea, Sensitivity to light, Sensitivity to sound, Severe throbbing headache, Visual aura, Vomiting, Weakness"
Infectious,Strep Throat,"Fever, Loss of appetite, Pain when swallowing, Severe sore throat, Swollen lymph nodes, Swollen tonsils, Weakness, White patches on tonsils"
Chronic,Asthma,"Chest tightness, Coughing (especially at night), Malaise, Shortness of breath, Wheezing"
Musculoskeletal,Ankle Sprain,"Ankle pain, Bruising, Inability to bear weight, Swelling, Tenderness to touch, Weakness"
Musculoskeletal,Ankle Sprain,"Ankle pain, Bruising, Inability to bear weight, Loss of appetite, Malaise, Swelling, Tenderness to touch"
Neurological,Migraine,"Body aches, Chills, Headache, Nausea, Sensitivity to light, Sensitivity to sound, Severe throbbing headache, Visual aura, Vomiting"
Infectious,Influenza (Flu),"Body aches, Chills, Dry cough, Fatigue, High fever, Runny nose, Sore throat"
Acute/Surgical,Appendicitis,"Abdominal swelling, Chills, Fever, Loss of appetite, Nausea, Pain in lower right abdomen, Vomiting"
Urological,Kidney Stone,"Fatigue, Nausea, Pain on urination, Pain that radiates to lower abdomen, Pink, red or brown urine, Severe pain in side and back, Weakness"
Musculoskeletal,Ankle Sprain,"Ankle pain, Bruising, Chills, Fever, Inability to bear weight, Swelling, Tenderness to touch"
Chronic,Asthma,"Chest tightness, Coughing (especially at night), Fatigue, Malaise, Shortness of breath, Weakness, Wheezing"
Urological,Kidney Stone,"Chills, Nausea, Pain on urination, Pain that radiates to lower abdomen, Pink, red or brown urine, Severe pain in side and back"
Allergy,Allergic Rhinitis (Hay Fever),"Body aches, Itchy, watery eyes, Nasal congestion, Nausea, Runny nose, Sneezing"
Neurological,Migraine,"Malaise, Nausea, Sensitivity to light, Sensitivity to sound, Severe throbbing headache, Visual aura, Vomiting, Weakness"
Acute/Surgical,Appendicitis,"Abdominal swelling, Fever, Loss of appetite, Malaise, Nausea, Pain in lower right abdomen, Vomiting"
Urological,Kidney Stone,"Fever, Nausea, Pain on urination, Pain that radiates to lower abdomen, Pink, red or brown urine, Severe pain in side and back"
Chronic,Hypertension,"Dizziness, Headaches, Loss of appetite, Nosebleeds, Often asymptomatic, Shortness of breath"
Acute/Surgical,Appendicitis,"Abdominal swelling, Body aches, Dizziness, Fever, Loss of appetite, Nausea, Pain in lower right abdomen, Vomiting"
Infectious,Influenza (Flu),"Body aches, Dry cough, High fever, Loss of appetite, Runny nose, Sore throat, Weakness"
Infectious,Influenza (Flu),"Body aches, Chills, Dry cough, Headache, High fever, Malaise, Runny nose, Sore throat"
Infectious,Gastroenteritis (Stomach Flu),"Diarrhea, Nausea, Stomach cramps, Vomiting, Weakness"
Infectious,Gastroenteritis (Stomach Flu),"Chills, Diarrhea, Headache, Loss of appetite, Nausea, Stomach cramps, Vomiting"
Infectious,Influenza (Flu),"Body aches, Dry cough, Fatigue, High fever, Nausea, Runny nose, Sore throat"
Chronic,Type 2 Diabetes,"Blurry vision, Excessive thirst, Fever, Frequent urination, Increased hunger, Loss of appetite, Slow-healing sores, Unexplained weight loss"
Chronic,Hypertension,"Dizziness, Fatigue, Headaches, Nosebleeds, Often asymptomatic, Shortness of breath"
Musculoskeletal,Tibial/Fibular Fracture,"Bruising, Dizziness, Fever, Inability to bear weight, Malaise, Severe leg pain, Swelling, Visible deformity"
Chronic,Asthma,"Body aches, Chest tightness, Chills, Coughing (especially at night), Dizziness, Shortness of breath, Wheezing"
Infectious,Influenza (Flu),"Body aches, Dry cough, Fatigue, High fever, Malaise, Runny nose, Sore throat"
Infectious,Strep Throat,"Fever, Pain when swallowing, Severe sore throat, Swollen lymph nodes, Swollen tonsils, White patches on tonsils"
Musculoskeletal,Tibial/Fibular Fracture,"Bruising, Fever, Inability to bear weight, Loss of appetite, Severe leg pain, Swelling, Visible deformity"
Allergy,Allergic Rhinitis (Hay Fever),"Fever, Headache, Itchy, watery eyes, Nasal congestion, Runny nose, Sneezing"
Musculoskeletal,Ankle Sprain,"Ankle pain, Bruising, Inability to bear weight, Nausea, Swelling, Tenderness to touch"
Infectious,Influenza (Flu),"Body aches, Dry cough, High fever, Nausea, Runny nose, Sore throat"
Chronic,Type 2 Diabetes,"Blurry vision, Chills, Excessive thirst, Fatigue, Fever, Frequent urination, Increased hunger, Slow-healing sores, Unexplained weight loss"
Musculoskeletal,Ankle Sprain,"Ankle pain, Bruising, Chills, Headache, Inability to bear weight, Swelling, Tenderness to touch"
Musculoskeletal,Ankle Sprain,"Ankle pain, Bruising, Dizziness, Inability to bear weight, Swelling, Tenderness to touch"
Musculoskeletal,Rheumatoid Arthritis,"Dizziness, Fatigue, Fever, Joint pain, Joint stiffness (worse in morning), Swollen joints"
Chronic,Asthma,"Chest tightness, Coughing (especially at night), Loss of appetite, Shortness of breath, Wheezing"
Musculoskeletal,Rheumatoid Arthritis,"Chills, Fatigue, Fever, Joint pain, Joint stiffness (worse in morning), Swollen joints, Weakness"
Allergy,Allergic Rhinitis (Hay Fever),"Body aches, Chills, Fatigue, Itchy, watery eyes, Nasal congestion, Runny nose, Sneezing"
Infectious,Strep Throat,"Chills, Fever, Pain when swallowing, Severe sore throat, Swollen lymph nodes, Swollen tonsils, White patches on tonsils"
Allergy,Allergic Rhinitis (Hay Fever),"Body aches, Headache, Itchy, watery eyes, Malaise, Nasal congestion, Runny nose, Sneezing"
Infectious,Pneumonia,"Chest pain, Chills, Cough with phlegm, Difficulty breathing, Fever, Loss of appetite, Nausea"
Infectious,Pneumonia,"Body aches, Chest pain, Chills, Cough with phlegm, Difficulty breathing, Dizziness, Fatigue, Fever"
Chronic,Hypertension,"Dizziness, Fatigue, Headache, Headaches, Nausea, Nosebleeds, Often asymptomatic, Shortness of breath"
Musculoskeletal,Tibial/Fibular Fracture,"Bruising, Fatigue, Inability to bear weight, Severe leg pain, Swelling, Visible deformity"
Allergy,Allergic Rhinitis (Hay Fever),"Body aches, Chills, Headache, Itchy, watery eyes, Nasal congestion, Runny nose, Sneezing"
Chronic,Asthma,"Chest tightness, Coughing (especially at night), Malaise, Shortness of breath, Weakness, Wheezing"
Infectious,Strep Throat,"Fever, Malaise, Nausea, Pain when swallowing, Severe sore throat, Swollen lymph nodes, Swollen tonsils, White patches on tonsils"
Infectious,Urinary Tract Infection (UTI),"Body aches, Cloudy or strong-smelling urine, Fever, Frequent urination, Pain or burning on urination, Pelvic pain"
Chronic,Asthma,"Chest tightness, Chills, Coughing (especially at night), Dizziness, Malaise, Shortness of breath, Wheezing"
Neurological,Migraine,"Fever, Nausea, Sensitivity to light, Sensitivity to sound, Severe throbbing headache, Visual aura, Vomiting, Weakness"
Infectious,Gastroenteritis (Stomach Flu),"Diarrhea, Dizziness, Nausea, Stomach cramps, Vomiting"
Urological,Kidney Stone,"Malaise, Nausea, Pain on urination, Pain that radiates to lower abdomen, Pink, red or brown urine, Severe pain in side and back"
Musculoskeletal,Rheumatoid Arthritis,"Dizziness, Fatigue, Fever, Joint pain, Joint stiffness (worse in morning), Loss of appetite, Nausea, Swollen joints"
Infectious,Urinary Tract Infection (UTI),"Cloudy or strong-smelling urine, Frequent urination, Headache, Loss of appetite, Pain or burning on urination, Pelvic pain"
Infectious,Strep Throat,"Fatigue, Fever, Headache, Pain when swallowing, Severe sore throat, Swollen lymph nodes, Swollen tonsils, Weakness, White patches on tonsils"
Chronic,Asthma,"Chest tightness, Chills, Coughing (especially at night), Fever, Nausea, Shortness of breath, Wheezing"
Infectious,Influenza (Flu),"Body aches, Chills, Dry cough, High fever, Loss of appetite, Runny nose, Sore throat, Weakness"
Infectious,Strep Throat,"Chills, Fever, Loss of appetite, Pain when swallowing, Severe sore throat, Swollen lymph nodes, Swollen tonsils, White patches on tonsils"
Chronic,Hypertension,"Dizziness, Headache, Headaches, Nosebleeds, Often asymptomatic, Shortness of breath"
Infectious,Strep Throat,"Body aches, Chills, Dizziness, Fever, Pain when swallowing, Severe sore throat, Swollen lymph nodes, Swollen tonsils, White patches on tonsils"
Chronic,Hypertension,"Dizziness, Headaches, Loss of appetite, Nosebleeds, Often asymptomatic, Shortness of breath"
Chronic,Type 2 Diabetes,"Blurry vision, Excessive thirst, Fever, Frequent urination, Increased hunger, Loss of appetite, Slow-healing sores, Unexplained weight loss"
Neurological,Migraine,"Fatigue, Nausea, Sensitivity to light, Sensitivity to sound, Severe throbbing headache, Visual aura, Vomiting"
Neurological,Migraine,"Dizziness, Headache, Nausea, Sensitivity to light, Sensitivity to sound, Severe throbbing headache, Visual aura, Vomiting"
Infectious,Influenza (Flu),"Body aches, Dry cough, Fever, High fever, Loss of appetite, Runny nose, Sore throat, Weakness"
Neurological,Migraine,"Fatigue, Nausea, Sensitivity to light, Sensitivity to sound, Severe throbbing headache, Visual aura, Vomiting"
Chronic,Type 2 Diabetes,"Blurry vision, Body aches, Excessive thirst, Frequent urination, Increased hunger, Nausea, Slow-healing sores, Unexplained weight loss, Weakness"
Infectious,Urinary Tract Infection (UTI),"Cloudy or strong-smelling urine, Dizziness, Frequent urination, Pain or burning on urination, Pelvic pain"
Allergy,Allergic Rhinitis (Hay Fever),"Dizziness, Fever, Itchy, watery eyes, Nasal congestion, Nausea, Runny nose, Sneezing"
Neurological,Migraine,"Dizziness, Nausea, Sensitivity to light, Sensitivity to sound, Severe throbbing headache, Visual aura, Vomiting, Weakness"
Infectious,Strep Throat,"Body aches, Chills, Fever, Pain when swallowing, Severe sore throat, Swollen lymph nodes, Swollen tonsils, Weakness, White patches on tonsils"
Musculoskeletal,Ankle Sprain,"Ankle pain, Bruising, Chills, Inability to bear weight, Swelling, Tenderness to touch"
Neurological,Migraine,"Fever, Malaise, Nausea, Sensitivity to light, Sensitivity to sound, Severe throbbing headache, Visual aura, Vomiting"
Urological,Kidney Stone,"Dizziness, Malaise, Nausea, Pain on urination, Pain that radiates to lower abdomen, Pink, red or brown urine, Severe pain in side and back"
Acute/Surgical,Appendicitis,"Abdominal swelling, Body aches, Fever, Loss of appetite, Nausea, Pain in lower right abdomen, Vomiting"
Musculoskeletal,Rheumatoid Arthritis,"Fatigue, Fever, Joint pain, Joint stiffness (worse in morning), Nausea, Swollen joints"
Urological,Kidney Stone,"Body aches, Fatigue, Loss of appetite, Nausea, Pain on urination, Pain that radiates to lower abdomen, Pink, red or brown urine, Severe pain in side and back"
Infectious,Pneumonia,"Chest pain, Chills, Cough with phlegm, Difficulty breathing, Dizziness, Fever, Loss of appetite"
Chronic,Asthma,"Chest tightness, Chills, Coughing (especially at night), Fatigue, Shortness of breath, Weakness, Wheezing"
Chronic,Type 2 Diabetes,"Blurry vision, Excessive thirst, Fatigue, Frequent urination, Increased hunger, Slow-healing sores, Unexplained weight loss"
Infectious,Pneumonia,"Chest pain, Chills, Cough with phlegm, Difficulty breathing, Fever, Weakness"
Acute/Surgical,Appendicitis,"Abdominal swelling, Dizziness, Fever, Loss of appetite, Nausea, Pain in lower right abdomen, Vomiting, Weakness"
Musculoskeletal,Ankle Sprain,"Ankle pain, Bruising, Inability to bear weight, Malaise, Nausea, Swelling, Tenderness to touch"
Allergy,Allergic Rhinitis (Hay Fever),"Fatigue, Itchy, watery eyes, Nasal congestion, Runny nose, Sneezing"
Urological,Kidney Stone,"Body aches, Nausea, Pain on urination, Pain that radiates to lower abdomen, Pink, red or brown urine, Severe pain in side and back"
Acute/Surgical,Appendicitis,"Abdominal swelling, Body aches, Chills, Fever, Loss of appetite, Nausea, Pain in lower right abdomen, Vomiting, Weakness"
Infectious,Gastroenteritis (Stomach Flu),"Diarrhea, Fever, Nausea, Stomach cramps, Vomiting"
Acute/Surgical,Appendicitis,"Abdominal swelling, Fever, Loss of appetite, Malaise, Nausea, Pain in lower right abdomen, Vomiting"
Musculoskeletal,Rheumatoid Arthritis,"Fatigue, Fever, Headache, Joint pain, Joint stiffness (worse in morning), Swollen joints"
Infectious,COVID-19,"Dry cough, Fatigue, Fever, Loss of taste or smell, Shortness of breath"
Neurological,Migraine,"Chills, Nausea, Sensitivity to light, Sensitivity to sound, Severe throbbing headache, Visual aura, Vomiting, Weakness"
Chronic,Type 2 Diabetes,"Blurry vision, Excessive thirst, Frequent urination, Increased hunger, Loss of appetite, Slow-healing sores, Unexplained weight loss"
Neurological,Migraine,"Loss of appetite, Nausea, Sensitivity to light, Sensitivity to sound, Severe throbbing headache, Visual aura, Vomiting, Weakness"
Musculoskeletal,Tibial/Fibular Fracture,"Bruising, Inability to bear weight, Loss of appetite, Nausea, Severe leg pain, Swelling, Visible deformity"
Musculoskeletal,Ankle Sprain,"Ankle pain, Bruising, Headache, Inability to bear weight, Swelling, Tenderness to touch"
Musculoskeletal,Rheumatoid Arthritis,"Body aches, Fatigue, Fever, Joint pain, Joint stiffness (worse in morning), Nausea, Swollen joints"
Infectious,COVID-19,"Body aches, Dry cough, Fatigue, Fever, Headache, Loss of taste or smell, Malaise, Shortness of breath"
Urological,Kidney Stone,"Dizziness, Nausea, Pain on urination, Pain that radiates to lower abdomen, Pink, red or brown urine, Severe pain in side and back"
Infectious,Urinary Tract Infection (UTI),"Cloudy or strong-smelling urine, Fever, Frequent urination, Loss of appetite, Nausea, Pain or burning on urination, Pelvic pain"
Infectious,Pneumonia,"Chest pain, Chills, Cough with phlegm, Difficulty breathing, Fever, Headache"
Infectious,Strep Throat,"Fever, Loss of appetite, Pain when swallowing, Severe sore throat, Swollen lymph nodes, Swollen tonsils, White patches on tonsils"
Chronic,Type 2 Diabetes,"Blurry vision, Excessive thirst, Frequent urination, Headache, Increased hunger, Malaise, Nausea, Slow-healing sores, Unexplained weight loss"
Musculoskeletal,Rheumatoid Arthritis,"Body aches, Chills, Fatigue, Fever, Joint pain, Joint stiffness (worse in morning), Swollen joints"
Infectious,Strep Throat,"Fever, Nausea, Pain when swallowing, Severe sore throat, Swollen lymph nodes, Swollen tonsils, Weakness, White patches on tonsils"
Infectious,Pneumonia,"Chest pain, Chills, Cough with phlegm, Difficulty breathing, Fever, Headache, Malaise"
Infectious,Strep Throat,"Fever, Nausea, Pain when swallowing, Severe sore throat, Swollen lymph nodes, Swollen tonsils, White patches on tonsils"
Chronic,Type 2 Diabetes,"Blurry vision, Excessive thirst, Fatigue, Frequent urination, Increased hunger, Loss of appetite, Nausea, Slow-healing sores, Unexplained weight loss"
Infectious,Influenza (Flu),"Body aches, Dry cough, High fever, Malaise, Runny nose, Sore throat"
Urological,Kidney Stone,"Loss of appetite, Nausea, Pain on urination, Pain that radiates to lower abdomen, Pink, red or brown urine, Severe pain in side and back, Weakness"
Infectious,Influenza (Flu),"Body aches, Chills, Dry cough, High fever, Runny nose, Sore throat"
Allergy,Allergic Rhinitis (Hay Fever),"Body aches, Itchy, watery eyes, Nasal congestion, Nausea, Runny nose, Sneezing, Weakness"
Musculoskeletal,Ankle Sprain,"Ankle pain, Bruising, Fatigue, Inability to bear weight, Loss of appetite, Swelling, Tenderness to touch"
Infectious,COVID-19,"Dizziness, Dry cough, Fatigue, Fever, Loss of taste or smell, Malaise, Shortness of breath"
Musculoskeletal,Tibial/Fibular Fracture,"Bruising, Chills, Headache, Inability to bear weight, Severe leg pain, Swelling, Visible deformity"
Chronic,Type 2 Diabetes,"Blurry vision, Chills, Excessive thirst, Fever, Frequent urination, Increased hunger, Slow-healing sores, Unexplained weight loss, Weakness"
Infectious,Influenza (Flu),"Body aches, Dry cough, Headache, High fever, Runny nose, Sore throat"
Infectious,Gastroenteritis (Stomach Flu),"Body aches, Diarrhea, Fatigue, Nausea, Stomach cramps, Vomiting"
Chronic,Asthma,"Chest tightness, Coughing (especially at night), Malaise, Shortness of breath, Wheezing"
Infectious,Influenza (Flu),"Body aches, Chills, Dry cough, Headache, High fever, Runny nose, Sore throat"
Urological,Kidney Stone,"Chills, Malaise, Nausea, Pain on urination, Pain that radiates to lower abdomen, Pink, red or brown urine, Severe pain in side and back"
Infectious,COVID-19,"Body aches, Dry cough, Fatigue, Fever, Loss of taste or smell, Shortness of breath"
Chronic,Hypertension,"Dizziness, Headache, Headaches, Nausea, Nosebleeds, Often asymptomatic, Shortness of breath"
Infectious,Strep Throat,"Dizziness, Fatigue, Fever, Pain when swallowing, Severe sore throat, Swollen lymph nodes, Swollen tonsils, White patches on tonsils"
Urological,Kidney Stone,"Loss of appetite, Nausea, Pain on urination, Pain that radiates to lower abdomen, Pink, red or brown urine, Severe pain in side and back"
Infectious,Strep Throat,"Body aches, Chills, Fever, Pain when swallowing, Severe sore throat, Swollen lymph nodes, Swollen tonsils, White patches on tonsils"
Chronic,Type 2 Diabetes,"Blurry vision, Excessive thirst, Fever, Frequent urination, Increased hunger, Slow-healing sores, Unexplained weight loss, Weakness"
Infectious,COVID-19,"Dry cough, Fatigue, Fever, Loss of taste or smell, Malaise, Shortness of breath, Weakness"
Infectious,Gastroenteritis (Stomach Flu),"Body aches, Diarrhea, Headache, Malaise, Nausea, Stomach cramps, Vomiting"
Musculoskeletal,Tibial/Fibular Fracture,"Bruising, Inability to bear weight, Malaise, Severe leg pain, Swelling, Visible deformity"
Musculoskeletal,Tibial/Fibular Fracture,"Body aches, Bruising, Fever, Inability to bear weight, Malaise, Severe leg pain, Swelling, Visible deformity"
Neurological,Migraine,"Malaise, Nausea, Sensitivity to light, Sensitivity to sound, Severe throbbing headache, Visual aura, Vomiting"
Chronic,Asthma,"Chest tightness, Coughing (especially at night), Fever, Shortness of breath, Wheezing"
Musculoskeletal,Tibial/Fibular Fracture,"Body aches, Bruising, Dizziness, Inability to bear weight, Severe leg pain, Swelling, Visible deformity"
Allergy,Allergic Rhinitis (Hay Fever),"Body aches, Itchy, watery eyes, Nasal congestion, Runny nose, Sneezing"
Neurological,Migraine,"Chills, Nausea, Sensitivity to light, Sensitivity to sound, Severe throbbing headache, Visual aura, Vomiting"
Infectious,Urinary Tract Infection (UTI),"Cloudy or strong-smelling urine, Fever, Frequent urination, Pain or burning on urination, Pelvic pain"
Infectious,Strep Throat,"Fever, Malaise, Pain when swallowing, Severe sore throat, Swollen lymph nodes, Swollen tonsils, White patches on tonsils"
Chronic,Type 2 Diabetes,"Blurry vision, Chills, Excessive thirst, Fever, Frequent urination, Increased hunger, Slow-healing sores, Unexplained weight loss"
Musculoskeletal,Rheumatoid Arthritis,"Body aches, Fatigue, Fever, Joint pain, Joint stiffness (worse in morning), Malaise, Nausea, Swollen joints"
Infectious,Urinary Tract Infection (UTI),"Body aches, Cloudy or strong-smelling urine, Frequent urination, Malaise, Pain or burning on urination, Pelvic pain"
Neurological,Migraine,"Dizziness, Loss of appetite, Nausea, Sensitivity to light, Sensitivity to sound, Severe throbbing headache, Visual aura, Vomiting"
Infectious,Influenza (Flu),"Body aches, Dry cough, High fever, Loss of appetite, Runny nose, Sore throat"
Musculoskeletal,Rheumatoid Arthritis,"Chills, Fatigue, Fever, Joint pain, Joint stiffness (worse in morning), Nausea, Swollen joints"
Musculoskeletal,Rheumatoid Arthritis,"Fatigue, Fever, Joint pain, Joint stiffness (worse in morning), Malaise, Swollen joints"
Musculoskeletal,Ankle Sprain,"Ankle pain, Bruising, Dizziness, Fatigue, Fever, Inability to bear weight, Swelling, Tenderness to touch"
Infectious,Influenza (Flu),"Body aches, Dry cough, High fever, Loss of appetite, Malaise, Runny nose, Sore throat, Weakness"
Acute/Surgical,Appendicitis,"Abdominal swelling, Fever, Loss of appetite, Nausea, Pain in lower right abdomen, Vomiting, Weakness"
Musculoskeletal,Rheumatoid Arthritis,"Dizziness, Fatigue, Fever, Joint pain, Joint stiffness (worse in morning), Swollen joints"
Chronic,Type 2 Diabetes,"Blurry vision, Excessive thirst, Fatigue, Frequent urination, Increased hunger, Loss of appetite, Malaise, Slow-healing sores, Unexplained weight loss"
Chronic,Type 2 Diabetes,"Blurry vision, Chills, Excessive thirst, Frequent urination, Increased hunger, Slow-healing sores, Unexplained weight loss, Weakness"
Musculoskeletal,Ankle Sprain,"Ankle pain, Bruising, Headache, Inability to bear weight, Malaise, Swelling, Tenderness to touch"
Allergy,Allergic Rhinitis (Hay Fever),"Itchy, watery eyes, Loss of appetite, Malaise, Nasal congestion, Runny nose, Sneezing, Weakness"
Infectious,COVID-19,"Dizziness, Dry cough, Fatigue, Fever, Loss of taste or smell, Nausea, Shortness of breath"
Neurological,Migraine,"Chills, Nausea, Sensitivity to light, Sensitivity to sound, Severe throbbing headache, Visual aura, Vomiting"
Infectious,Pneumonia,"Body aches, Chest pain, Chills, Cough with phlegm, Difficulty breathing, Fever, Weakness"
Musculoskeletal,Rheumatoid Arthritis,"Chills, Fatigue, Fever, Joint pain, Joint stiffness (worse in morning), Swollen joints"
Infectious,Urinary Tract Infection (UTI),"Cloudy or strong-smelling urine, Dizziness, Fever, Frequent urination, Nausea, Pain or burning on urination, Pelvic pain"
Chronic,Type 2 Diabetes,"Blurry vision, Excessive thirst, Frequent urination, Increased hunger, Loss of appetite, Slow-healing sores, Unexplained weight loss"
Chronic,Type 2 Diabetes,"Blurry vision, Chills, Excessive thirst, Frequent urination, Increased hunger, Nausea, Slow-healing sores, Unexplained weight loss"
Musculoskeletal,Ankle Sprain,"Ankle pain, Bruising, Inability to bear weight, Nausea, Swelling, Tenderness to touch"
Urological,Kidney Stone,"Body aches, Fatigue, Headache, Nausea, Pain on urination, Pain that radiates to lower abdomen, Pink, red or brown urine, Severe pain in side and back"
Infectious,Pneumonia,"Chest pain, Chills, Cough with phlegm, Difficulty breathing, Dizziness, Fever, Headache"
Allergy,Allergic Rhinitis (Hay Fever),"Chills, Fever, Itchy, watery eyes, Nasal congestion, Runny nose, Sneezing, Weakness"
Infectious,Pneumonia,"Chest pain, Chills, Cough with phlegm, Difficulty breathing, Fever"
Musculoskeletal,Tibial/Fibular Fracture,"Body aches, Bruising, Inability to bear weight, Severe leg pain, Swelling, Visible deformity"
Musculoskeletal,Tibial/Fibular Fracture,"Bruising, Headache, Inability to bear weight, Severe leg pain, Swelling, Visible deformity"
Neurological,Migraine,"Fatigue, Nausea, Sensitivity to light, Sensitivity to sound, Severe throbbing headache, Visual aura, Vomiting"
Chronic,Type 2 Diabetes,"Blurry vision, Excessive thirst, Frequent urination, Increased hunger, Loss of appetite, Slow-healing sores, Unexplained weight loss"
Musculoskeletal,Tibial/Fibular Fracture,"Bruising, Dizziness, Headache, Inability to bear weight, Severe leg pain, Swelling, Visible deformity"
Allergy,Allergic Rhinitis (Hay Fever),"Body aches, Dizziness, Itchy, watery eyes, Nasal congestion, Nausea, Runny nose, Sneezing"
Neurological,Migraine,"Chills, Headache, Loss of appetite, Nausea, Sensitivity to light, Sensitivity to sound, Severe throbbing headache, Visual aura, Vomiting"
Infectious,Pneumonia,"Chest pain, Chills, Cough with phlegm, Difficulty breathing, Fatigue, Fever, Loss of appetite, Weakness"
Musculoskeletal,Tibial/Fibular Fracture,"Bruising, Dizziness, Inability to bear weight, Severe leg pain, Swelling, Visible deformity"
Musculoskeletal,Rheumatoid Arthritis,"Fatigue, Fever, Joint pain, Joint stiffness (worse in morning), Loss of appetite, Swollen joints"
Musculoskeletal,Ankle Sprain,"Ankle pain, Bruising, Headache, Inability to bear weight, Nausea, Swelling, Tenderness to touch"
Urological,Kidney Stone,"Chills, Dizziness, Nausea, Pain on urination, Pain that radiates to lower abdomen, Pink, red or brown urine, Severe pain in side and back"
Chronic,Asthma,"Chest tightness, Coughing (especially at night), Fever, Loss of appetite, Nausea, Shortness of breath, Wheezing"
Infectious,Influenza (Flu),"Body aches, Dizziness, Dry cough, Fatigue, Headache, High fever, Runny nose, Sore throat"
Infectious,Influenza (Flu),"Body aches, Dry cough, Fatigue, Fever, High fever, Runny nose, Sore throat"
Musculoskeletal,Ankle Sprain,"Ankle pain, Bruising, Chills, Headache, Inability to bear weight, Swelling, Tenderness to touch"
Acute/Surgical,Appendicitis,"Abdominal swelling, Fever, Loss of appetite, Malaise, Nausea, Pain in lower right abdomen, Vomiting"
Infectious,Urinary Tract Infection (UTI),"Cloudy or strong-smelling urine, Frequent urination, Nausea, Pain or burning on urination, Pelvic pain"
Musculoskeletal,Ankle Sprain,"Ankle pain, Bruising, Fatigue, Headache, Inability to bear weight, Swelling, Tenderness to touch"
Infectious,Strep Throat,"Fatigue, Fever, Nausea, Pain when swallowing, Severe sore throat, Swollen lymph nodes, Swollen tonsils, White patches on tonsils"
Musculoskeletal,Ankle Sprain,"Ankle pain, Bruising, Fatigue, Inability to bear weight, Loss of appetite, Swelling, Tenderness to touch"
Infectious,Gastroenteritis (Stomach Flu),"Diarrhea, Fever, Nausea, Stomach cramps, Vomiting"
Infectious,Gastroenteritis (Stomach Flu),"Diarrhea, Dizziness, Fever, Nausea, Stomach cramps, Vomiting"
Infectious,Urinary Tract Infection (UTI),"Cloudy or strong-smelling urine, Dizziness, Fatigue, Fever, Frequent urination, Pain or burning on urination, Pelvic pain"
Acute/Surgical,Appendicitis,"Abdominal swelling, Fever, Loss of appetite, Malaise, Nausea, Pain in lower right abdomen, Vomiting"
Neurological,Migraine,"Nausea, Sensitivity to light, Sensitivity to sound, Severe throbbing headache, Visual aura, Vomiting"
Infectious,Strep Throat,"Fever, Loss of appetite, Malaise, Pain when swallowing, Severe sore throat, Swollen lymph nodes, Swollen tonsils, White patches on tonsils"
Musculoskeletal,Rheumatoid Arthritis,"Dizziness, Fatigue, Fever, Joint pain, Joint stiffness (worse in morning), Nausea, Swollen joints"
Musculoskeletal,Rheumatoid Arthritis,"Chills, Fatigue, Fever, Joint pain, Joint stiffness (worse in morning), Nausea, Swollen joints, Weakness"
Chronic,Hypertension,"Chills, Dizziness, Headaches, Nosebleeds, Often asymptomatic, Shortness of breath"
Musculoskeletal,Tibial/Fibular Fracture,"Body aches, Bruising, Chills, Inability to bear weight, Loss of appetite, Severe leg pain, Swelling, Visible deformity"
Infectious,Urinary Tract Infection (UTI),"Cloudy or strong-smelling urine, Dizziness, Frequent urination, Headache, Pain or burning on urination, Pelvic pain"
Urological,Kidney Stone,"Chills, Nausea, Pain on urination, Pain that radiates to lower abdomen, Pink, red or brown urine, Severe pain in side and back"
Infectious,COVID-19,"Dry cough, Fatigue, Fever, Loss of taste or smell, Malaise, Shortness of breath"
Musculoskeletal,Ankle Sprain,"Ankle pain, Bruising, Fatigue, Fever, Inability to bear weight, Nausea, Swelling, Tenderness to touch"
Infectious,Influenza (Flu),"Body aches, Chills, Dry cough, High fever, Nausea, Runny nose, Sore throat, Weakness"
Musculoskeletal,Rheumatoid Arthritis,"Body aches, Dizziness, Fatigue, Fever, Headache, Joint pain, Joint stiffness (worse in morning), Swollen joints"
Chronic,Hypertension,"Dizziness, Headache, Headaches, Nosebleeds, Often asymptomatic, Shortness of breath, Weakness"
Neurological,Migraine,"Dizziness, Malaise, Nausea, Sensitivity to light, Sensitivity to sound, Severe throbbing headache, Visual aura, Vomiting, Weakness"
Neurological,Migraine,"Chills, Dizziness, Malaise, Nausea, Sensitivity to light, Sensitivity to sound, Severe throbbing headache, Visual aura, Vomiting"
Neurological,Migraine,"Body aches, Chills, Loss of appetite, Nausea, Sensitivity to light, Sensitivity to sound, Severe throbbing headache, Visual aura, Vomiting"
Infectious,Gastroenteritis (Stomach Flu),"Body aches, Diarrhea, Headache, Nausea, Stomach cramps, Vomiting, Weakness"
Chronic,Asthma,"Chest tightness, Coughing (especially at night), Loss of appetite, Malaise, Shortness of breath, Weakness, Wheezing"
Infectious,Pneumonia,"Chest pain, Chills, Cough with phlegm, Difficulty breathing, Fever, Loss of appetite, Malaise"
Chronic,Asthma,"Chest tightness, Coughing (especially at night), Nausea, Shortness of breath, Weakness, Wheezing"
Infectious,Influenza (Flu),"Body aches, Dizziness, Dry cough, Fatigue, High fever, Runny nose, Sore throat"
Infectious,Influenza (Flu),"Body aches, Dry cough, Headache, High fever, Runny nose, Sore throat"
Neurological,Migraine,"Body aches, Fever, Nausea, Sensitivity to light, Sensitivity to sound, Severe throbbing headache, Visual aura, Vomiting, Weakness"
Musculoskeletal,Tibial/Fibular Fracture,"Bruising, Dizziness, Headache, Inability to bear weight, Severe leg pain, Swelling, Visible deformity"
Chronic,Hypertension,"Dizziness, Headaches, Loss of appetite, Nosebleeds, Often asymptomatic, Shortness of breath"
Infectious,Strep Throat,"Fever, Loss of appetite, Pain when swallowing, Severe sore throat, Swollen lymph nodes, Swollen tonsils, White patches on tonsils"
Infectious,Influenza (Flu),"Body aches, Dizziness, Dry cough, High fever, Runny nose, Sore throat"
Acute/Surgical,Appendicitis,"Abdominal swelling, Fever, Headache, Loss of appetite, Nausea, Pain in lower right abdomen, Vomiting"
Musculoskeletal,Tibial/Fibular Fracture,"Bruising, Inability to bear weight, Malaise, Severe leg pain, Swelling, Visible deformity, Weakness"
Chronic,Asthma,"Chest tightness, Coughing (especially at night), Headache, Shortness of breath, Wheezing"
Neurological,Migraine,"Fatigue, Nausea, Sensitivity to light, Sensitivity to sound, Severe throbbing headache, Visual aura, Vomiting"
Chronic,Asthma,"Chest tightness, Coughing (especially at night), Fever, Loss of appetite, Shortness of breath, Wheezing"
Musculoskeletal,Tibial/Fibular Fracture,"Bruising, Fever, Headache, Inability to bear weight, Severe leg pain, Swelling, Visible deformity, Weakness"
Musculoskeletal,Tibial/Fibular Fracture,"Body aches, Bruising, Fatigue, Inability to bear weight, Severe leg pain, Swelling, Visible deformity"
Infectious,Urinary Tract Infection (UTI),"Chills, Cloudy or strong-smelling urine, Fever, Frequent urination, Headache, Pain or burning on urination, Pelvic pain"
Infectious,Strep Throat,"Fever, Headache, Malaise, Pain when swallowing, Severe sore throat, Swollen lymph nodes, Swollen tonsils, White patches on tonsils"
Musculoskeletal,Tibial/Fibular Fracture,"Bruising, Fatigue, Inability to bear weight, Severe leg pain, Swelling, Visible deformity"
Chronic,Hypertension,"Body aches, Dizziness, Fatigue, Fever, Headaches, Nosebleeds, Often asymptomatic, Shortness of breath"
Infectious,Pneumonia,"Chest pain, Chills, Cough with phlegm, Difficulty breathing, Fatigue, Fever, Malaise"
Infectious,Urinary Tract Infection (UTI),"Cloudy or strong-smelling urine, Fever, Frequent urination, Loss of appetite, Pain or burning on urination, Pelvic pain"
Infectious,Pneumonia,"Body aches, Chest pain, Chills, Cough with phlegm, Difficulty breathing, Fatigue, Fever, Headache"
Chronic,Type 2 Diabetes,"Blurry vision, Dizziness, Excessive thirst, Frequent urination, Headache, Increased hunger, Slow-healing sores, Unexplained weight loss, Weakness"
Chronic,Type 2 Diabetes,"Blurry vision, Excessive thirst, Fatigue, Frequent urination, Headache, Increased hunger, Malaise, Slow-healing sores, Unexplained weight loss"
Infectious,Strep Throat,"Fever, Pain when swallowing, Severe sore throat, Swollen lymph nodes, Swollen tonsils, White patches on tonsils"
Allergy,Allergic Rhinitis (Hay Fever),"Headache, Itchy, watery eyes, Malaise, Nasal congestion, Runny nose, Sneezing"
Chronic,Type 2 Diabetes,"Blurry vision, Dizziness, Excessive thirst, Frequent urination, Headache, Increased hunger, Slow-healing sores, Unexplained weight loss, Weakness"
Allergy,Allergic Rhinitis (Hay Fever),"Chills, Itchy, watery eyes, Nasal congestion, Runny nose, Sneezing, Weakness"
Infectious,Pneumonia,"Chest pain, Chills, Cough with phlegm, Difficulty breathing, Fever, Malaise"
Infectious,Urinary Tract Infection (UTI),"Cloudy or strong-smelling urine, Dizziness, Fever, Frequent urination, Pain or burning on urination, Pelvic pain, Weakness"
Chronic,Type 2 Diabetes,"Blurry vision, Dizziness, Excessive thirst, Frequent urination, Increased hunger, Slow-healing sores, Unexplained weight loss"
Chronic,Hypertension,"Dizziness, Fever, Headaches, Nosebleeds, Often asymptomatic, Shortness of breath"
Acute/Surgical,Appendicitis,"Abdominal swelling, Fever, Loss of appetite, Nausea, Pain in lower right abdomen, Vomiting"
Chronic,Type 2 Diabetes,"Blurry vision, Chills, Excessive thirst, Fatigue, Frequent urination, Increased hunger, Loss of appetite, Slow-healing sores, Unexplained weight loss"
Neurological,Migraine,"Fatigue, Malaise, Nausea, Sensitivity to light, Sensitivity to sound, Severe throbbing headache, Visual aura, Vomiting"
Infectious,COVID-19,"Dry cough, Fatigue, Fever, Loss of appetite, Loss of taste or smell, Shortness of breath"
Infectious,Gastroenteritis (Stomach Flu),"Chills, Diarrhea, Fever, Malaise, Nausea, Stomach cramps, Vomiting"
Chronic,Type 2 Diabetes,"Blurry vision, Excessive thirst, Frequent urination, Increased hunger, Slow-healing sores, Unexplained weight loss, Weakness"
Urological,Kidney Stone,"Dizziness, Nausea, Pain on urination, Pain that radiates to lower abdomen, Pink, red or brown urine, Severe pain in side and back"
Musculoskeletal,Rheumatoid Arthritis,"Body aches, Fatigue, Fever, Joint pain, Joint stiffness (worse in morning), Malaise, Swollen joints, Weakness"
Infectious,Urinary Tract Infection (UTI),"Cloudy or strong-smelling urine, Frequent urination, Nausea, Pain or burning on urination, Pelvic pain, Weakness"
Musculoskeletal,Tibial/Fibular Fracture,"Bruising, Chills, Inability to bear weight, Severe leg pain, Swelling, Visible deformity"
Chronic,Asthma,"Chest tightness, Coughing (especially at night), Fatigue, Loss of appetite, Nausea, Shortness of breath, Wheezing"
Musculoskeletal,Ankle Sprain,"Ankle pain, Bruising, Inability to bear weight, Malaise, Swelling, Tenderness to touch, Weakness"
Musculoskeletal,Rheumatoid Arthritis,"Fatigue, Fever, Joint pain, Joint stiffness (worse in morning), Malaise, Swollen joints"
Acute/Surgical,Appendicitis,"Abdominal swelling, Dizziness, Fever, Loss of appetite, Nausea, Pain in lower right abdomen, Vomiting"
Chronic,Hypertension,"Dizziness, Headache, Headaches, Nosebleeds, Often asymptomatic, Shortness of breath"
Infectious,Gastroenteritis (Stomach Flu),"Diarrhea, Dizziness, Fatigue, Nausea, Stomach cramps, Vomiting"
Chronic,Asthma,"Chest tightness, Coughing (especially at night), Fatigue, Fever, Shortness of breath, Wheezing"
Musculoskeletal,Tibial/Fibular Fracture,"Body aches, Bruising, Dizziness, Inability to bear weight, Severe leg pain, Swelling, Visible deformity"
Urological,Kidney Stone,"Body aches, Chills, Nausea, Pain on urination, Pain that radiates to lower abdomen, Pink, red or brown urine, Severe pain in side and back"
Infectious,Influenza (Flu),"Body aches, Dizziness, Dry cough, Fatigue, High fever, Runny nose, Sore throat"
Infectious,Pneumonia,"Body aches, Chest pain, Chills, Cough with phlegm, Difficulty breathing, Fever"
Chronic,Hypertension,"Body aches, Dizziness, Headaches, Nosebleeds, Often asymptomatic, Shortness of breath"
Infectious,Strep Throat,"Body aches, Fever, Pain when swallowing, Severe sore throat, Swollen lymph nodes, Swollen tonsils, White patches on tonsils"
Infectious,COVID-19,"Dizziness, Dry cough, Fatigue, Fever, Headache, Loss of appetite, Loss of taste or smell, Shortness of breath"
Musculoskeletal,Ankle Sprain,"Ankle pain, Bruising, Headache, Inability to bear weight, Swelling, Tenderness to touch"
Allergy,Allergic Rhinitis (Hay Fever),"Itchy, watery eyes, Malaise, Nasal congestion, Runny nose, Sneezing"
Infectious,Gastroenteritis (Stomach Flu),"Diarrhea, Fever, Nausea, Stomach cramps, Vomiting"
Chronic,Hypertension,"Chills, Dizziness, Headaches, Loss of appetite, Nosebleeds, Often asymptomatic, Shortness of breath"
Infectious,COVID-19,"Body aches, Dry cough, Fatigue, Fever, Loss of appetite, Loss of taste or smell, Shortness of breath"
Infectious,Strep Throat,"Fatigue, Fever, Pain when swallowing, Severe sore throat, Swollen lymph nodes, Swollen tonsils, White patches on tonsils"
Musculoskeletal,Rheumatoid Arthritis,"Fatigue, Fever, Joint pain, Joint stiffness (worse in morning), Malaise, Swollen joints"
Infectious,Pneumonia,"Chest pain, Chills, Cough with phlegm, Difficulty breathing, Fatigue, Fever"
Infectious,Influenza (Flu),"Body aches, Chills, Dry cough, Fatigue, High fever, Runny nose, Sore throat, Weakness"
Chronic,Type 2 Diabetes,"Blurry vision, Excessive thirst, Fatigue, Fever, Frequent urination, Increased hunger, Slow-healing sores, Unexplained weight loss, Weakness"
Infectious,Strep Throat,"Fever, Nausea, Pain when swallowing, Severe sore throat, Swollen lymph nodes, Swollen tonsils, Weakness, White patches on tonsils"
Chronic,Hypertension,"Body aches, Chills, Dizziness, Headaches, Nosebleeds, Often asymptomatic, Shortness of breath"
Infectious,Urinary Tract Infection (UTI),"Cloudy or strong-smelling urine, Fever, Frequent urination, Pain or burning on urination, Pelvic pain"
Infectious,COVID-19,"Chills, Dry cough, Fatigue, Fever, Loss of taste or smell, Nausea, Shortness of breath, Weakness"
Neurological,Migraine,"Body aches, Fever, Nausea, Sensitivity to light, Sensitivity to sound, Severe throbbing headache, Visual aura, Vomiting"
Chronic,Type 2 Diabetes,"Blurry vision, Body aches, Excessive thirst, Fever, Frequent urination, Increased hunger, Slow-healing sores, Unexplained weight loss"
Musculoskeletal,Tibial/Fibular Fracture,"Bruising, Fever, Inability to bear weight, Nausea, Severe leg pain, Swelling, Visible deformity"
Infectious,Gastroenteritis (Stomach Flu),"Chills, Diarrhea, Fatigue, Loss of appetite, Nausea, Stomach cramps, Vomiting"
Chronic,Hypertension,"Dizziness, Fever, Headaches, Loss of appetite, Nosebleeds, Often asymptomatic, Shortness of breath, Weakness"
Infectious,COVID-19,"Body aches, Dry cough, Fatigue, Fever, Loss of taste or smell, Nausea, Shortness of breath"
Infectious,Urinary Tract Infection (UTI),"Cloudy or strong-smelling urine, Fatigue, Frequent urination, Pain or burning on urination, Pelvic pain, Weakness"
Infectious,Pneumonia,"Body aches, Chest pain, Chills, Cough with phlegm, Difficulty breathing, Fatigue, Fever"
Infectious,COVID-19,"Body aches, Dry cough, Fatigue, Fever, Loss of taste or smell, Shortness of breath"
Infectious,Gastroenteritis (Stomach Flu),"Diarrhea, Fatigue, Loss of appetite, Nausea, Stomach cramps, Vomiting"
Chronic,Asthma,"Chest tightness, Chills, Coughing (especially at night), Headache, Malaise, Shortness of breath, Wheezing"
Infectious,Influenza (Flu),"Body aches, Chills, Dry cough, Headache, High fever, Nausea, Runny nose, Sore throat"
Acute/Surgical,Appendicitis,"Abdominal swelling, Dizziness, Fever, Headache, Loss of appetite, Malaise, Nausea, Pain in lower right abdomen, Vomiting"
Infectious,Influenza (Flu),"Body aches, Dizziness, Dry cough, Fatigue, High fever, Runny nose, Sore throat"
Infectious,Urinary Tract Infection (UTI),"Cloudy or strong-smelling urine, Frequent urination, Pain or burning on urination, Pelvic pain, Weakness"
Infectious,Strep Throat,"Dizziness, Fever, Loss of appetite, Pain when swallowing, Severe sore throat, Swollen lymph nodes, Swollen tonsils, White patches on tonsils"
Musculoskeletal,Rheumatoid Arthritis,"Fatigue, Fever, Joint pain, Joint stiffness (worse in morning), Malaise, Nausea, Swollen joints"
Acute/Surgical,Appendicitis,"Abdominal swelling, Body aches, Chills, Dizziness, Fever, Loss of appetite, Nausea, Pain in lower right abdomen, Vomiting"
Infectious,Gastroenteritis (Stomach Flu),"Diarrhea, Headache, Nausea, Stomach cramps, Vomiting"
Acute/Surgical,Appendicitis,"Abdominal swelling, Fever, Loss of appetite, Malaise, Nausea, Pain in lower right abdomen, Vomiting"
Allergy,Allergic Rhinitis (Hay Fever),"Fatigue, Itchy, watery eyes, Nasal congestion, Nausea, Runny nose, Sneezing"
Infectious,Pneumonia,"Chest pain, Chills, Cough with phlegm, Difficulty breathing, Fever, Headache"
Infectious,Strep Throat,"Dizziness, Fever, Headache, Pain when swallowing, Severe sore throat, Swollen lymph nodes, Swollen tonsils, White patches on tonsils"
Infectious,Gastroenteritis (Stomach Flu),"Diarrhea, Dizziness, Loss of appetite, Nausea, Stomach cramps, Vomiting"
Infectious,COVID-19,"Body aches, Chills, Dry cough, Fatigue, Fever, Loss of appetite, Loss of taste or smell, Shortness of breath"
Neurological,Migraine,"Headache, Malaise, Nausea, Sensitivity to light, Sensitivity to sound, Severe throbbing headache, Visual aura, Vomiting"
Infectious,Strep Throat,"Fatigue, Fever, Malaise, Pain when swallowing, Severe sore throat, Swollen lymph nodes, Swollen tonsils, Weakness, White patches on tonsils"
Infectious,COVID-19,"Dry cough, Fatigue, Fever, Headache, Loss of taste or smell, Shortness of breath"
Infectious,Strep Throat,"Fever, Nausea, Pain when swallowing, Severe sore throat, Swollen lymph nodes, Swollen tonsils, Weakness, White patches on tonsils"
Allergy,Allergic Rhinitis (Hay Fever),"Itchy, watery eyes, Nasal congestion, Runny nose, Sneezing, Weakness"
Musculoskeletal,Ankle Sprain,"Ankle pain, Bruising, Dizziness, Headache, Inability to bear weight, Swelling, Tenderness to touch"
Musculoskeletal,Rheumatoid Arthritis,"Fatigue, Fever, Joint pain, Joint stiffness (worse in morning), Swollen joints"
Musculoskeletal,Rheumatoid Arthritis,"Body aches, Fatigue, Fever, Joint pain, Joint stiffness (worse in morning), Nausea, Swollen joints"
Chronic,Asthma,"Chest tightness, Coughing (especially at night), Headache, Shortness of breath, Wheezing"
Allergy,Allergic Rhinitis (Hay Fever),"Dizziness, Itchy, watery eyes, Nasal congestion, Runny nose, Sneezing"
Chronic,Asthma,"Chest tightness, Coughing (especially at night), Fatigue, Nausea, Shortness of breath, Wheezing"
Neurological,Migraine,"Chills, Nausea, Sensitivity to light, Sensitivity to sound, Severe throbbing headache, Visual aura, Vomiting"
Urological,Kidney Stone,"Fatigue, Loss of appetite, Nausea, Pain on urination, Pain that radiates to lower abdomen, Pink, red or brown urine, Severe pain in side and back"
Infectious,Influenza (Flu),"Body aches, Dry cough, High fever, Loss of appetite, Runny nose, Sore throat"
Chronic,Type 2 Diabetes,"Blurry vision, Excessive thirst, Fatigue, Frequent urination, Increased hunger, Slow-healing sores, Unexplained weight loss"
Urological,Kidney Stone,"Malaise, Nausea, Pain on urination, Pain that radiates to lower abdomen, Pink, red or brown urine, Severe pain in side and back"
Infectious,Pneumonia,"Chest pain, Chills, Cough with phlegm, Difficulty breathing, Fatigue, Fever, Malaise"
Infectious,COVID-19,"Dizziness, Dry cough, Fatigue, Fever, Loss of taste or smell, Shortness of breath"
Infectious,Pneumonia,"Chest pain, Chills, Cough with phlegm, Difficulty breathing, Dizziness, Fever"
Chronic,Asthma,"Chest tightness, Coughing (especially at night), Headache, Shortness of breath, Wheezing"
Musculoskeletal,Rheumatoid Arthritis,"Chills, Fatigue, Fever, Headache, Joint pain, Joint stiffness (worse in morning), Loss of appetite, Swollen joints"
Chronic,Type 2 Diabetes,"Blurry vision, Chills, Excessive thirst, Frequent urination, Increased hunger, Nausea, Slow-healing sores, Unexplained weight loss"
Musculoskeletal,Tibial/Fibular Fracture,"Bruising, Dizziness, Fever, Inability to bear weight, Nausea, Severe leg pain, Swelling, Visible deformity"
Acute/Surgical,Appendicitis,"Abdominal swelling, Fatigue, Fever, Loss of appetite, Nausea, Pain in lower right abdomen, Vomiting"
Chronic,Asthma,"Body aches, Chest tightness, Coughing (especially at night), Dizziness, Shortness of breath, Wheezing"
Infectious,Urinary Tract Infection (UTI),"Chills, Cloudy or strong-smelling urine, Frequent urination, Headache, Pain or burning on urination, Pelvic pain, Weakness"
Musculoskeletal,Ankle Sprain,"Ankle pain, Bruising, Chills, Inability to bear weight, Loss of appetite, Swelling, Tenderness to touch"
Infectious,Strep Throat,"Fatigue, Fever, Pain when swallowing, Severe sore throat, Swollen lymph nodes, Swollen tonsils, Weakness, White patches on tonsils"
Infectious,Urinary Tract Infection (UTI),"Cloudy or strong-smelling urine, Fever, Frequent urination, Loss of appetite, Pain or burning on urination, Pelvic pain"
Musculoskeletal,Tibial/Fibular Fracture,"Body aches, Bruising, Headache, Inability to bear weight, Severe leg pain, Swelling, Visible deformity"
Infectious,COVID-19,"Body aches, Dry cough, Fatigue, Fever, Loss of taste or smell, Malaise, Shortness of breath"
Urological,Kidney Stone,"Fever, Nausea, Pain on urination, Pain that radiates to lower abdomen, Pink, red or brown urine, Severe pain in side and back"
Chronic,Asthma,"Chest tightness, Coughing (especially at night), Malaise, Shortness of breath, Wheezing"
Musculoskeletal,Ankle Sprain,"Ankle pain, Bruising, Inability to bear weight, Loss of appetite, Swelling, Tenderness to touch"
Infectious,COVID-19,"Chills, Dizziness, Dry cough, Fatigue, Fever, Loss of taste or smell, Shortness of breath, Weakness"
Infectious,COVID-19,"Dry cough, Fatigue, Fever, Headache, Loss of taste or smell, Shortness of breath"
Allergy,Allergic Rhinitis (Hay Fever),"Fever, Itchy, watery eyes, Nasal congestion, Runny nose, Sneezing"
Infectious,COVID-19,"Chills, Dry cough, Fatigue, Fever, Loss of taste or smell, Shortness of breath"
Infectious,Strep Throat,"Fever, Malaise, Pain when swallowing, Severe sore throat, Swollen lymph nodes, Swollen tonsils, Weakness, White patches on tonsils"
Musculoskeletal,Ankle Sprain,"Ankle pain, Body aches, Bruising, Headache, Inability to bear weight, Swelling, Tenderness to touch"
Chronic,Type 2 Diabetes,"Blurry vision, Dizziness, Excessive thirst, Frequent urination, Increased hunger, Slow-healing sores, Unexplained weight loss, Weakness"
Allergy,Allergic Rhinitis (Hay Fever),"Itchy, watery eyes, Loss of appetite, Nasal congestion, Runny nose, Sneezing"
Chronic,Hypertension,"Dizziness, Fatigue, Headaches, Loss of appetite, Nausea, Nosebleeds, Often asymptomatic, Shortness of breath"
Acute/Surgical,Appendicitis,"Abdominal swelling, Body aches, Dizziness, Fever, Loss of appetite, Nausea, Pain in lower right abdomen, Vomiting"
Musculoskeletal,Tibial/Fibular Fracture,"Bruising, Chills, Fever, Headache, Inability to bear weight, Severe leg pain, Swelling, Visible deformity"
Chronic,Asthma,"Body aches, Chest tightness, Coughing (especially at night), Shortness of breath, Wheezing"
Neurological,Migraine,"Dizziness, Fever, Nausea, Sensitivity to light, Sensitivity to sound, Severe throbbing headache, Visual aura, Vomiting"
Urological,Kidney Stone,"Chills, Malaise, Nausea, Pain on urination, Pain that radiates to lower abdomen, Pink, red or brown urine, Severe pain in side and back"
Infectious,Gastroenteritis (Stomach Flu),"Diarrhea, Fatigue, Nausea, Stomach cramps, Vomiting"
Musculoskeletal,Ankle Sprain,"Ankle pain, Bruising, Inability to bear weight, Loss of appetite, Swelling, Tenderness to touch"
Infectious,COVID-19,"Dry cough, Fatigue, Fever, Headache, Loss of taste or smell, Shortness of breath"
Neurological,Migraine,"Body aches, Nausea, Sensitivity to light, Sensitivity to sound, Severe throbbing headache, Visual aura, Vomiting"
Infectious,Strep Throat,"Fever, Pain when swallowing, Severe sore throat, Swollen lymph nodes, Swollen tonsils, Weakness, White patches on tonsils"
Infectious,COVID-19,"Dry cough, Fatigue, Fever, Loss of taste or smell, Nausea, Shortness of breath"
Allergy,Allergic Rhinitis (Hay Fever),"Dizziness, Fever, Headache, Itchy, watery eyes, Nasal congestion, Runny nose, Sneezing"
Infectious,Urinary Tract Infection (UTI),"Cloudy or strong-smelling urine, Frequent urination, Pain or burning on urination, Pelvic pain, Weakness"
Chronic,Hypertension,"Dizziness, Fever, Headaches, Malaise, Nosebleeds, Often asymptomatic, Shortness of breath"
Neurological,Migraine,"Nausea, Sensitivity to light, Sensitivity to sound, Severe throbbing headache, Visual aura, Vomiting"
Infectious,Pneumonia,"Chest pain, Chills, Cough with phlegm, Difficulty breathing, Fever, Headache, Loss of appetite"
Infectious,Pneumonia,"Body aches, Chest pain, Chills, Cough with phlegm, Difficulty breathing, Fever, Malaise"
Infectious,Urinary Tract Infection (UTI),"Body aches, Cloudy or strong-smelling urine, Fatigue, Frequent urination, Loss of appetite, Pain or burning on urination, Pelvic pain"
Musculoskeletal,Rheumatoid Arthritis,"Body aches, Fatigue, Fever, Joint pain, Joint stiffness (worse in morning), Swollen joints"
Chronic,Hypertension,"Body aches, Chills, Dizziness, Headaches, Nausea, Nosebleeds, Often asymptomatic, Shortness of breath"
Infectious,COVID-19,"Chills, Dry cough, Fatigue, Fever, Loss of taste or smell, Shortness of breath"
Infectious,Strep Throat,"Fever, Headache, Loss of appetite, Pain when swallowing, Severe sore throat, Swollen lymph nodes, Swollen tonsils, White patches on tonsils"
Urological,Kidney Stone,"Fatigue, Headache, Nausea, Pain on urination, Pain that radiates to lower abdomen, Pink, red or brown urine, Severe pain in side and back"
Acute/Surgical,Appendicitis,"Abdominal swelling, Fever, Loss of appetite, Malaise, Nausea, Pain in lower right abdomen, Vomiting, Weakness"
Musculoskeletal,Rheumatoid Arthritis,"Body aches, Fatigue, Fever, Joint pain, Joint stiffness (worse in morning), Loss of appetite, Swollen joints, Weakness"
Infectious,Urinary Tract Infection (UTI),"Cloudy or strong-smelling urine, Frequent urination, Loss of appetite, Pain or burning on urination, Pelvic pain"
Infectious,Strep Throat,"Fever, Malaise, Pain when swallowing, Severe sore throat, Swollen lymph nodes, Swollen tonsils, White patches on tonsils"
Acute/Surgical,Appendicitis,"Abdominal swelling, Body aches, Fatigue, Fever, Loss of appetite, Nausea, Pain in lower right abdomen, Vomiting, Weakness"
Allergy,Allergic Rhinitis (Hay Fever),"Body aches, Chills, Fever, Itchy, watery eyes, Nasal congestion, Runny nose, Sneezing"
Infectious,Pneumonia,"Chest pain, Chills, Cough with phlegm, Difficulty breathing, Fever, Malaise"
Urological,Kidney Stone,"Malaise, Nausea, Pain on urination, Pain that radiates to lower abdomen, Pink, red or brown urine, Severe pain in side and back"
Chronic,Type 2 Diabetes,"Blurry vision, Excessive thirst, Frequent urination, Headache, Increased hunger, Slow-healing sores, Unexplained weight loss"
Acute/Surgical,Appendicitis,"Abdominal swelling, Chills, Fever, Loss of appetite, Nausea, Pain in lower right abdomen, Vomiting"
Musculoskeletal,Ankle Sprain,"Ankle pain, Bruising, Inability to bear weight, Loss of appetite, Swelling, Tenderness to touch"
Infectious,Gastroenteritis (Stomach Flu),"Diarrhea, Headache, Nausea, Stomach cramps, Vomiting"
Infectious,Urinary Tract Infection (UTI),"Chills, Cloudy or strong-smelling urine, Fever, Frequent urination, Pain or burning on urination, Pelvic pain"
Infectious,Influenza (Flu),"Body aches, Dry cough, High fever, Loss of appetite, Malaise, Runny nose, Sore throat"
Chronic,Asthma,"Chest tightness, Chills, Coughing (especially at night), Dizziness, Headache, Shortness of breath, Wheezing"
Chronic,Hypertension,"Dizziness, Fatigue, Headaches, Nosebleeds, Often asymptomatic, Shortness of breath"
Musculoskeletal,Ankle Sprain,"Ankle pain, Bruising, Inability to bear weight, Loss of appetite, Swelling, Tenderness to touch"
Acute/Surgical,Appendicitis,"Abdominal swelling, Fever, Headache, Loss of appetite, Nausea, Pain in lower right abdomen, Vomiting"
Urological,Kidney Stone,"Nausea, Pain on urination, Pain that radiates to lower abdomen, Pink, red or brown urine, Severe pain in side and back, Weakness"
Infectious,Strep Throat,"Fever, Malaise, Pain when swallowing, Severe sore throat, Swollen lymph nodes, Swollen tonsils, Weakness, White patches on tonsils"
Chronic,Type 2 Diabetes,"Blurry vision, Excessive thirst, Frequent urination, Increased hunger, Loss of appetite, Malaise, Nausea, Slow-healing sores, Unexplained weight loss"
Infectious,Gastroenteritis (Stomach Flu),"Diarrhea, Loss of appetite, Nausea, Stomach cramps, Vomiting, Weakness"
Allergy,Allergic Rhinitis (Hay Fever),"Itchy, watery eyes, Malaise, Nasal congestion, Runny nose, Sneezing"
Infectious,Influenza (Flu),"Body aches, Dizziness, Dry cough, High fever, Runny nose, Sore throat"
Infectious,Gastroenteritis (Stomach Flu),"Diarrhea, Headache, Loss of appetite, Nausea, Stomach cramps, Vomiting"
Infectious,Gastroenteritis (Stomach Flu),"Chills, Diarrhea, Nausea, Stomach cramps, Vomiting"
Infectious,Influenza (Flu),"Body aches, Dry cough, High fever, Malaise, Runny nose, Sore throat"
Neurological,Migraine,"Chills, Malaise, Nausea, Sensitivity to light, Sensitivity to sound, Severe throbbing headache, Visual aura, Vomiting"
Allergy,Allergic Rhinitis (Hay Fever),"Fever, Itchy, watery eyes, Nasal congestion, Runny nose, Sneezing"
Infectious,Strep Throat,"Fever, Headache, Pain when swallowing, Severe sore throat, Swollen lymph nodes, Swollen tonsils, White patches on tonsils"
Infectious,Influenza (Flu),"Body aches, Chills, Dry cough, High fever, Runny nose, Sore throat"
Chronic,Asthma,"Chest tightness, Coughing (especially at night), Loss of appetite, Shortness of breath, Wheezing"
Chronic,Type 2 Diabetes,"Blurry vision, Excessive thirst, Frequent urination, Headache, Increased hunger, Slow-healing sores, Unexplained weight loss, Weakness"
Infectious,Urinary Tract Infection (UTI),"Cloudy or strong-smelling urine, Dizziness, Fever, Frequent urination, Headache, Pain or burning on urination, Pelvic pain"
Urological,Kidney Stone,"Headache, Malaise, Nausea, Pain on urination, Pain that radiates to lower abdomen, Pink, red or brown urine, Severe pain in side and back"
Acute/Surgical,Appendicitis,"Abdominal swelling, Chills, Fever, Headache, Loss of appetite, Nausea, Pain in lower right abdomen, Vomiting"
Chronic,Hypertension,"Dizziness, Headaches, Loss of appetite, Nosebleeds, Often asymptomatic, Shortness of breath"
Infectious,Gastroenteritis (Stomach Flu),"Diarrhea, Fever, Loss of appetite, Nausea, Stomach cramps, Vomiting"
Musculoskeletal,Ankle Sprain,"Ankle pain, Bruising, Chills, Inability to bear weight, Loss of appetite, Malaise, Swelling, Tenderness to touch"
Chronic,Asthma,"Chest tightness, Coughing (especially at night), Headache, Loss of appetite, Shortness of breath, Wheezing"
Infectious,Pneumonia,"Chest pain, Chills, Cough with phlegm, Difficulty breathing, Dizziness, Fever, Loss of appetite"
Musculoskeletal,Tibial/Fibular Fracture,"Body aches, Bruising, Inability to bear weight, Loss of appetite, Severe leg pain, Swelling, Visible deformity"
Infectious,Pneumonia,"Body aches, Chest pain, Chills, Cough with phlegm, Difficulty breathing, Fatigue, Fever"
Urological,Kidney Stone,"Dizziness, Malaise, Nausea, Pain on urination, Pain that radiates to lower abdomen, Pink, red or brown urine, Severe pain in side and back"
Infectious,Gastroenteritis (Stomach Flu),"Diarrhea, Fatigue, Malaise, Nausea, Stomach cramps, Vomiting"
Infectious,Pneumonia,"Chest pain, Chills, Cough with phlegm, Difficulty breathing, Fever"
Chronic,Hypertension,"Body aches, Dizziness, Headaches, Nausea, Nosebleeds, Often asymptomatic, Shortness of breath, Weakness"
Acute/Surgical,Appendicitis,"Abdominal swelling, Fatigue, Fever, Headache, Loss of appetite, Nausea, Pain in lower right abdomen, Vomiting"
Chronic,Asthma,"Chest tightness, Coughing (especially at night), Fatigue, Shortness of breath, Wheezing"
Infectious,Urinary Tract Infection (UTI),"Chills, Cloudy or strong-smelling urine, Fever, Frequent urination, Pain or burning on urination, Pelvic pain, Weakness"
Infectious,Pneumonia,"Chest pain, Chills, Cough with phlegm, Difficulty breathing, Fever, Weakness"
Chronic,Asthma,"Chest tightness, Coughing (especially at night), Nausea, Shortness of breath, Wheezing"
Infectious,Strep Throat,"Fatigue, Fever, Headache, Loss of appetite, Pain when swallowing, Severe sore throat, Swollen lymph nodes, Swollen tonsils, White patches on tonsils"
Infectious,Influenza (Flu),"Body aches, Dry cough, Fever, High fever, Nausea, Runny nose, Sore throat"
Musculoskeletal,Rheumatoid Arthritis,"Dizziness, Fatigue, Fever, Joint pain, Joint stiffness (worse in morning), Loss of appetite, Swollen joints"
Infectious,COVID-19,"Dry cough, Fatigue, Fever, Loss of taste or smell, Nausea, Shortness of breath"
Infectious,Urinary Tract Infection (UTI),"Cloudy or strong-smelling urine, Frequent urination, Malaise, Pain or burning on urination, Pelvic pain"
Musculoskeletal,Rheumatoid Arthritis,"Dizziness, Fatigue, Fever, Joint pain, Joint stiffness (worse in morning), Nausea, Swollen joints"
Musculoskeletal,Ankle Sprain,"Ankle pain, Bruising, Fatigue, Fever, Inability to bear weight, Swelling, Tenderness to touch"
Infectious,Urinary Tract Infection (UTI),"Cloudy or strong-smelling urine, Dizziness, Frequent urination, Pain or burning on urination, Pelvic pain, Weakness"
Infectious,Pneumonia,"Chest pain, Chills, Cough with phlegm, Difficulty breathing, Fever, Loss of appetite"
Musculoskeletal,Ankle Sprain,"Ankle pain, Bruising, Dizziness, Inability to bear weight, Swelling, Tenderness to touch"
Allergy,Allergic Rhinitis (Hay Fever),"Dizziness, Fever, Itchy, watery eyes, Loss of appetite, Nasal congestion, Runny nose, Sneezing"
Allergy,Allergic Rhinitis (Hay Fever),"Headache, Itchy, watery eyes, Malaise, Nasal congestion, Runny nose, Sneezing, Weakness"
Chronic,Asthma,"Chest tightness, Coughing (especially at night), Nausea, Shortness of breath, Wheezing"
Chronic,Asthma,"Chest tightness, Chills, Coughing (especially at night), Malaise, Shortness of breath, Weakness, Wheezing"
Urological,Kidney Stone,"Dizziness, Nausea, Pain on urination, Pain that radiates to lower abdomen, Pink, red or brown urine, Severe pain in side and back, Weakness"
Infectious,Influenza (Flu),"Body aches, Dizziness, Dry cough, High fever, Runny nose, Sore throat"
Infectious,COVID-19,"Body aches, Dry cough, Fatigue, Fever, Loss of taste or smell, Nausea, Shortness of breath"
Acute/Surgical,Appendicitis,"Abdominal swelling, Dizziness, Fever, Loss of appetite, Malaise, Nausea, Pain in lower right abdomen, Vomiting"
Infectious,Strep Throat,"Fever, Loss of appetite, Malaise, Pain when swallowing, Severe sore throat, Swollen lymph nodes, Swollen tonsils, White patches on tonsils"
Chronic,Type 2 Diabetes,"Blurry vision, Dizziness, Excessive thirst, Frequent urination, Increased hunger, Slow-healing sores, Unexplained weight loss"
Infectious,COVID-19,"Body aches, Dry cough, Fatigue, Fever, Loss of appetite, Loss of taste or smell, Shortness of breath"
Infectious,Influenza (Flu),"Body aches, Dizziness, Dry cough, Fever, High fever, Runny nose, Sore throat, Weakness"
Infectious,Pneumonia,"Body aches, Chest pain, Chills, Cough with phlegm, Difficulty breathing, Fever, Malaise"
Allergy,Allergic Rhinitis (Hay Fever),"Chills, Itchy, watery eyes, Nasal congestion, Runny nose, Sneezing, Weakness"
Chronic,Hypertension,"Dizziness, Headaches, Nosebleeds, Often asymptomatic, Shortness of breath, Weakness"
Allergy,Allergic Rhinitis (Hay Fever),"Itchy, watery eyes, Malaise, Nasal congestion, Nausea, Runny nose, Sneezing, Weakness"
Infectious,Pneumonia,"Chest pain, Chills, Cough with phlegm, Difficulty breathing, Dizziness, Fever, Malaise"
Infectious,Gastroenteritis (Stomach Flu),"Body aches, Chills, Diarrhea, Nausea, Stomach cramps, Vomiting"
Allergy,Allergic Rhinitis (Hay Fever),"Fever, Itchy, watery eyes, Loss of appetite, Nasal congestion, Nausea, Runny nose, Sneezing"
Infectious,Influenza (Flu),"Body aches, Dizziness, Dry cough, High fever, Loss of appetite, Runny nose, Sore throat"
Urological,Kidney Stone,"Dizziness, Malaise, Nausea, Pain on urination, Pain that radiates to lower abdomen, Pink, red or brown urine, Severe pain in side and back"
Chronic,Type 2 Diabetes,"Blurry vision, Excessive thirst, Fatigue, Frequent urination, Increased hunger, Loss of appetite, Slow-healing sores, Unexplained weight loss"
Infectious,Gastroenteritis (Stomach Flu),"Diarrhea, Dizziness, Loss of appetite, Nausea, Stomach cramps, Vomiting"
Urological,Kidney Stone,"Chills, Fever, Nausea, Pain on urination, Pain that radiates to lower abdomen, Pink, red or brown urine, Severe pain in side and back"
Musculoskeletal,Rheumatoid Arthritis,"Dizziness, Fatigue, Fever, Joint pain, Joint stiffness (worse in morning), Nausea, Swollen joints"
Infectious,Influenza (Flu),"Body aches, Dry cough, Fever, Headache, High fever, Nausea, Runny nose, Sore throat"
Chronic,Asthma,"Chest tightness, Coughing (especially at night), Fever, Shortness of breath, Wheezing"
Infectious,Strep Throat,"Body aches, Chills, Fever, Pain when swallowing, Severe sore throat, Swollen lymph nodes, Swollen tonsils, White patches on tonsils"
Infectious,Strep Throat,"Chills, Fever, Headache, Nausea, Pain when swallowing, Severe sore throat, Swollen lymph nodes, Swollen tonsils, White patches on tonsils"
Chronic,Hypertension,"Body aches, Dizziness, Headaches, Malaise, Nosebleeds, Often asymptomatic, Shortness of breath, Weakness"
Allergy,Allergic Rhinitis (Hay Fever),"Fever, Headache, Itchy, watery eyes, Malaise, Nasal congestion, Runny nose, Sneezing"
Infectious,Pneumonia,"Body aches, Chest pain, Chills, Cough with phlegm, Difficulty breathing, Fatigue, Fever, Malaise"
Infectious,Pneumonia,"Body aches, Chest pain, Chills, Cough with phlegm, Difficulty breathing, Dizziness, Fever"
Infectious,Pneumonia,"Chest pain, Chills, Cough with phlegm, Difficulty breathing, Fever, Malaise"
Urological,Kidney Stone,"Nausea, Pain on urination, Pain that radiates to lower abdomen, Pink, red or brown urine, Severe pain in side and back, Weakness"
Chronic,Hypertension,"Dizziness, Fever, Headaches, Loss of appetite, Nosebleeds, Often asymptomatic, Shortness of breath"
Chronic,Hypertension,"Dizziness, Fever, Headaches, Malaise, Nosebleeds, Often asymptomatic, Shortness of breath"
Chronic,Asthma,"Chest tightness, Coughing (especially at night), Nausea, Shortness of breath, Wheezing"
Musculoskeletal,Ankle Sprain,"Ankle pain, Bruising, Dizziness, Fatigue, Inability to bear weight, Malaise, Swelling, Tenderness to touch"
Urological,Kidney Stone,"Headache, Loss of appetite, Nausea, Pain on urination, Pain that radiates to lower abdomen, Pink, red or brown urine, Severe pain in side and back"
Chronic,Asthma,"Body aches, Chest tightness, Coughing (especially at night), Malaise, Shortness of breath, Wheezing"
Neurological,Migraine,"Fever, Malaise, Nausea, Sensitivity to light, Sensitivity to sound, Severe throbbing headache, Visual aura, Vomiting"
Neurological,Migraine,"Fever, Nausea, Sensitivity to light, Sensitivity to sound, Severe throbbing headache, Visual aura, Vomiting"
Infectious,Influenza (Flu),"Body aches, Chills, Dry cough, High fever, Runny nose, Sore throat"
Infectious,Gastroenteritis (Stomach Flu),"Diarrhea, Loss of appetite, Nausea, Stomach cramps, Vomiting, Weakness"
Infectious,Influenza (Flu),"Body aches, Dizziness, Dry cough, Fatigue, High fever, Loss of appetite, Runny nose, Sore throat"
Chronic,Asthma,"Chest tightness, Chills, Coughing (especially at night), Dizziness, Loss of appetite, Shortness of breath, Wheezing"
Chronic,Hypertension,"Body aches, Dizziness, Headaches, Nosebleeds, Often asymptomatic, Shortness of breath"
Neurological,Migraine,"Nausea, Sensitivity to light, Sensitivity to sound, Severe throbbing headache, Visual aura, Vomiting, Weakness"
Chronic,Hypertension,"Dizziness, Headache, Headaches, Malaise, Nausea, Nosebleeds, Often asymptomatic, Shortness of breath"
Infectious,Strep Throat,"Fever, Malaise, Nausea, Pain when swallowing, Severe sore throat, Swollen lymph nodes, Swollen tonsils, White patches on tonsils"
Infectious,Urinary Tract Infection (UTI),"Cloudy or strong-smelling urine, Fatigue, Frequent urination, Loss of appetite, Pain or burning on urination, Pelvic pain"
Allergy,Allergic Rhinitis (Hay Fever),"Chills, Itchy, watery eyes, Nasal congestion, Runny nose, Sneezing"
Infectious,Pneumonia,"Chest pain, Chills, Cough with phlegm, Difficulty breathing, Dizziness, Fatigue, Fever, Nausea"
Infectious,COVID-19,"Dry cough, Fatigue, Fever, Loss of appetite, Loss of taste or smell, Shortness of breath"
Infectious,Urinary Tract Infection (UTI),"Chills, Cloudy or strong-smelling urine, Fatigue, Frequent urination, Pain or burning on urination, Pelvic pain"
Allergy,Allergic Rhinitis (Hay Fever),"Fatigue, Itchy, watery eyes, Nasal congestion, Runny nose, Sneezing"
Urological,Kidney Stone,"Fever, Headache, Nausea, Pain on urination, Pain that radiates to lower abdomen, Pink, red or brown urine, Severe pain in side and back, Weakness"
Chronic,Asthma,"Chest tightness, Coughing (especially at night), Shortness of breath, Weakness, Wheezing"
Musculoskeletal,Rheumatoid Arthritis,"Fatigue, Fever, Headache, Joint pain, Joint stiffness (worse in morning), Malaise, Swollen joints, Weakness"
Infectious,Urinary Tract Infection (UTI),"Chills, Cloudy or strong-smelling urine, Fatigue, Frequent urination, Nausea, Pain or burning on urination, Pelvic pain"
Infectious,Gastroenteritis (Stomach Flu),"Chills, Diarrhea, Nausea, Stomach cramps, Vomiting"
Chronic,Type 2 Diabetes,"Blurry vision, Dizziness, Excessive thirst, Frequent urination, Increased hunger, Slow-healing sores, Unexplained weight loss"
Musculoskeletal,Rheumatoid Arthritis,"Fatigue, Fever, Headache, Joint pain, Joint stiffness (worse in morning), Nausea, Swollen joints"
Chronic,Type 2 Diabetes,"Blurry vision, Excessive thirst, Frequent urination, Headache, Increased hunger, Slow-healing sores, Unexplained weight loss"
Infectious,Strep Throat,"Fever, Malaise, Pain when swallowing, Severe sore throat, Swollen lymph nodes, Swollen tonsils, White patches on tonsils"
Allergy,Allergic Rhinitis (Hay Fever),"Body aches, Fatigue, Itchy, watery eyes, Nasal congestion, Runny nose, Sneezing"
Infectious,Pneumonia,"Chest pain, Chills, Cough with phlegm, Difficulty breathing, Dizziness, Fever"
Acute/Surgical,Appendicitis,"Abdominal swelling, Fever, Loss of appetite, Malaise, Nausea, Pain in lower right abdomen, Vomiting"
Urological,Kidney Stone,"Chills, Fever, Nausea, Pain on urination, Pain that radiates to lower abdomen, Pink, red or brown urine, Severe pain in side and back"
Infectious,COVID-19,"Body aches, Dizziness, Dry cough, Fatigue, Fever, Loss of taste or smell, Shortness of breath"
Allergy,Allergic Rhinitis (Hay Fever),"Itchy, watery eyes, Nasal congestion, Runny nose, Sneezing, Weakness"
Infectious,Pneumonia,"Chest pain, Chills, Cough with phlegm, Difficulty breathing, Fever, Headache, Loss of appetite"
Infectious,Gastroenteritis (Stomach Flu),"Diarrhea, Nausea, Stomach cramps, Vomiting"
Allergy,Allergic Rhinitis (Hay Fever),"Dizziness, Itchy, watery eyes, Malaise, Nasal congestion, Runny nose, Sneezing"
Allergy,Allergic Rhinitis (Hay Fever),"Fever, Itchy, watery eyes, Nasal congestion, Nausea, Runny nose, Sneezing"
Musculoskeletal,Tibial/Fibular Fracture,"Body aches, Bruising, Inability to bear weight, Severe leg pain, Swelling, Visible deformity"
Chronic,Type 2 Diabetes,"Blurry vision, Body aches, Chills, Excessive thirst, Frequent urination, Increased hunger, Slow-healing sores, Unexplained weight loss"
Infectious,Strep Throat,"Chills, Fever, Loss of appetite, Pain when swallowing, Severe sore throat, Swollen lymph nodes, Swollen tonsils, White patches on tonsils"
Infectious,Strep Throat,"Chills, Fever, Headache, Pain when swallowing, Severe sore throat, Swollen lymph nodes, Swollen tonsils, Weakness, White patches on tonsils"
Musculoskeletal,Ankle Sprain,"Ankle pain, Bruising, Chills, Inability to bear weight, Swelling, Tenderness to touch"
Allergy,Allergic Rhinitis (Hay Fever),"Body aches, Fever, Itchy, watery eyes, Malaise, Nasal congestion, Runny nose, Sneezing"
Infectious,Gastroenteritis (Stomach Flu),"Diarrhea, Loss of appetite, Nausea, Stomach cramps, Vomiting"
Chronic,Hypertension,"Dizziness, Headaches, Nausea, Nosebleeds, Often asymptomatic, Shortness of breath"
Infectious,Strep Throat,"Fatigue, Fever, Nausea, Pain when swallowing, Severe sore throat, Swollen lymph nodes, Swollen tonsils, White patches on tonsils"
Chronic,Type 2 Diabetes,"Blurry vision, Dizziness, Excessive thirst, Frequent urination, Increased hunger, Slow-healing sores, Unexplained weight loss"
Musculoskeletal,Tibial/Fibular Fracture,"Body aches, Bruising, Inability to bear weight, Severe leg pain, Swelling, Visible deformity"
Musculoskeletal,Tibial/Fibular Fracture,"Bruising, Chills, Fatigue, Headache, Inability to bear weight, Severe leg pain, Swelling, Visible deformity"
Musculoskeletal,Tibial/Fibular Fracture,"Bruising, Inability to bear weight, Malaise, Severe leg pain, Swelling, Visible deformity"
Neurological,Migraine,"Body aches, Chills, Fever, Nausea, Sensitivity to light, Sensitivity to sound, Severe throbbing headache, Visual aura, Vomiting"
Allergy,Allergic Rhinitis (Hay Fever),"Itchy, watery eyes, Malaise, Nasal congestion, Runny nose, Sneezing"
Chronic,Type 2 Diabetes,"Blurry vision, Body aches, Dizziness, Excessive thirst, Frequent urination, Headache, Increased hunger, Slow-healing sores, Unexplained weight loss"
Infectious,Urinary Tract Infection (UTI),"Cloudy or strong-smelling urine, Frequent urination, Pain or burning on urination, Pelvic pain, Weakness"
Musculoskeletal,Ankle Sprain,"Ankle pain, Bruising, Chills, Inability to bear weight, Swelling, Tenderness to touch"
Infectious,Gastroenteritis (Stomach Flu),"Diarrhea, Dizziness, Fever, Nausea, Stomach cramps, Vomiting"
Chronic,Hypertension,"Dizziness, Fever, Headaches, Malaise, Nosebleeds, Often asymptomatic, Shortness of breath"
Chronic,Type 2 Diabetes,"Blurry vision, Excessive thirst, Frequent urination, Increased hunger, Malaise, Slow-healing sores, Unexplained weight loss"
Chronic,Hypertension,"Chills, Dizziness, Headaches, Loss of appetite, Nosebleeds, Often asymptomatic, Shortness of breath"
Neurological,Migraine,"Chills, Malaise, Nausea, Sensitivity to light, Sensitivity to sound, Severe throbbing headache, Visual aura, Vomiting, Weakness"
Urological,Kidney Stone,"Body aches, Loss of appetite, Malaise, Nausea, Pain on urination, Pain that radiates to lower abdomen, Pink, red or brown urine, Severe pain in side and back"
Infectious,Pneumonia,"Chest pain, Chills, Cough with phlegm, Difficulty breathing, Fever, Headache, Nausea"
Chronic,Asthma,"Chest tightness, Chills, Coughing (especially at night), Fatigue, Malaise, Shortness of breath, Wheezing"
Chronic,Type 2 Diabetes,"Blurry vision, Excessive thirst, Frequent urination, Increased hunger, Loss of appetite, Malaise, Slow-healing sores, Unexplained weight loss"
Acute/Surgical,Appendicitis,"Abdominal swelling, Fever, Headache, Loss of appetite, Nausea, Pain in lower right abdomen, Vomiting, Weakness"
Infectious,Urinary Tract Infection (UTI),"Cloudy or strong-smelling urine, Fatigue, Fever, Frequent urination, Headache, Pain or burning on urination, Pelvic pain"
Musculoskeletal,Ankle Sprain,"Ankle pain, Body aches, Bruising, Headache, Inability to bear weight, Malaise, Swelling, Tenderness to touch"
Acute/Surgical,Appendicitis,"Abdominal swelling, Fever, Loss of appetite, Nausea, Pain in lower right abdomen, Vomiting"
Infectious,Urinary Tract Infection (UTI),"Body aches, Cloudy or strong-smelling urine, Frequent urination, Headache, Nausea, Pain or burning on urination, Pelvic pain"
Acute/Surgical,Appendicitis,"Abdominal swelling, Chills, Fatigue, Fever, Loss of appetite, Nausea, Pain in lower right abdomen, Vomiting"
Infectious,Urinary Tract Infection (UTI),"Chills, Cloudy or strong-smelling urine, Frequent urination, Nausea, Pain or burning on urination, Pelvic pain"
Musculoskeletal,Ankle Sprain,"Ankle pain, Bruising, Dizziness, Inability to bear weight, Swelling, Tenderness to touch, Weakness"
Infectious,Influenza (Flu),"Body aches, Dry cough, High fever, Runny nose, Sore throat"
Chronic,Type 2 Diabetes,"Blurry vision, Excessive thirst, Fatigue, Fever, Frequent urination, Increased hunger, Nausea, Slow-healing sores, Unexplained weight loss"
Infectious,Strep Throat,"Fever, Headache, Pain when swallowing, Severe sore throat, Swollen lymph nodes, Swollen tonsils, White patches on tonsils"
Chronic,Asthma,"Chest tightness, Coughing (especially at night), Malaise, Shortness of breath, Wheezing"
Musculoskeletal,Rheumatoid Arthritis,"Body aches, Fatigue, Fever, Headache, Joint pain, Joint stiffness (worse in morning), Swollen joints, Weakness"
Urological,Kidney Stone,"Nausea, Pain on urination, Pain that radiates to lower abdomen, Pink, red or brown urine, Severe pain in side and back"
Chronic,Hypertension,"Dizziness, Headaches, Nausea, Nosebleeds, Often asymptomatic, Shortness of breath"
Musculoskeletal,Ankle Sprain,"Ankle pain, Bruising, Headache, Inability to bear weight, Nausea, Swelling, Tenderness to touch"
Infectious,Pneumonia,"Chest pain, Chills, Cough with phlegm, Difficulty breathing, Fever, Malaise"
Acute/Surgical,Appendicitis,"Abdominal swelling, Fever, Loss of appetite, Malaise, Nausea, Pain in lower right abdomen, Vomiting"
Acute/Surgical,Appendicitis,"Abdominal swelling, Body aches, Fever, Headache, Loss of appetite, Malaise, Nausea, Pain in lower right abdomen, Vomiting"
Infectious,Urinary Tract Infection (UTI),"Cloudy or strong-smelling urine, Frequent urination, Pain or burning on urination, Pelvic pain, Weakness"
Infectious,Pneumonia,"Chest pain, Chills, Cough with phlegm, Difficulty breathing, Dizziness, Fever, Malaise, Nausea"
Chronic,Hypertension,"Dizziness, Headaches, Malaise, Nausea, Nosebleeds, Often asymptomatic, Shortness of breath"
Infectious,COVID-19,"Dizziness, Dry cough, Fatigue, Fever, Loss of taste or smell, Shortness of breath"
Musculoskeletal,Tibial/Fibular Fracture,"Bruising, Fatigue, Headache, Inability to bear weight, Severe leg pain, Swelling, Visible deformity"
Infectious,Influenza (Flu),"Body aches, Dry cough, Fatigue, High fever, Runny nose, Sore throat"
Infectious,Urinary Tract Infection (UTI),"Cloudy or strong-smelling urine, Dizziness, Fever, Frequent urination, Loss of appetite, Pain or burning on urination, Pelvic pain"
Infectious,Pneumonia,"Chest pain, Chills, Cough with phlegm, Difficulty breathing, Fever, Loss of appetite, Malaise"
Chronic,Asthma,"Chest tightness, Chills, Coughing (especially at night), Dizziness, Loss of appetite, Shortness of breath, Wheezing"
Chronic,Hypertension,"Dizziness, Headaches, Loss of appetite, Nausea, Nosebleeds, Often asymptomatic, Shortness of breath, Weakness"
Infectious,Influenza (Flu),"Body aches, Dry cough, Fever, High fever, Malaise, Nausea, Runny nose, Sore throat"
Infectious,Strep Throat,"Chills, Fever, Pain when swallowing, Severe sore throat, Swollen lymph nodes, Swollen tonsils, White patches on tonsils"
Infectious,Urinary Tract Infection (UTI),"Cloudy or strong-smelling urine, Dizziness, Frequent urination, Nausea, Pain or burning on urination, Pelvic pain, Weakness"
Neurological,Migraine,"Headache, Nausea, Sensitivity to light, Sensitivity to sound, Severe throbbing headache, Visual aura, Vomiting"
Musculoskeletal,Ankle Sprain,"Ankle pain, Bruising, Headache, Inability to bear weight, Malaise, Swelling, Tenderness to touch"
Infectious,Gastroenteritis (Stomach Flu),"Diarrhea, Headache, Nausea, Stomach cramps, Vomiting"
Musculoskeletal,Ankle Sprain,"Ankle pain, Bruising, Chills, Headache, Inability to bear weight, Nausea, Swelling, Tenderness to touch"
Musculoskeletal,Tibial/Fibular Fracture,"Bruising, Fever, Inability to bear weight, Severe leg pain, Swelling, Visible deformity"
Chronic,Type 2 Diabetes,"Blurry vision, Chills, Excessive thirst, Fever, Frequent urination, Increased hunger, Slow-healing sores, Unexplained weight loss"
Infectious,Strep Throat,"Fever, Nausea, Pain when swallowing, Severe sore throat, Swollen lymph nodes, Swollen tonsils, White patches on tonsils"
Neurological,Migraine,"Dizziness, Fever, Nausea, Sensitivity to light, Sensitivity to sound, Severe throbbing headache, Visual aura, Vomiting"
Acute/Surgical,Appendicitis,"Abdominal swelling, Body aches, Chills, Fever, Loss of appetite, Nausea, Pain in lower right abdomen, Vomiting, Weakness"
Acute/Surgical,Appendicitis,"Abdominal swelling, Body aches, Chills, Fever, Loss of appetite, Nausea, Pain in lower right abdomen, Vomiting, Weakness"
Musculoskeletal,Rheumatoid Arthritis,"Dizziness, Fatigue, Fever, Joint pain, Joint stiffness (worse in morning), Malaise, Swollen joints, Weakness"
Infectious,Gastroenteritis (Stomach Flu),"Diarrhea, Dizziness, Nausea, Stomach cramps, Vomiting, Weakness"
Infectious,Strep Throat,"Fever, Nausea, Pain when swallowing, Severe sore throat, Swollen lymph nodes, Swollen tonsils, White patches on tonsils"
Neurological,Migraine,"Chills, Nausea, Sensitivity to light, Sensitivity to sound, Severe throbbing headache, Visual aura, Vomiting"
Infectious,Gastroenteritis (Stomach Flu),"Diarrhea, Dizziness, Headache, Nausea, Stomach cramps, Vomiting"
Musculoskeletal,Rheumatoid Arthritis,"Dizziness, Fatigue, Fever, Joint pain, Joint stiffness (worse in morning), Malaise, Swollen joints"
Infectious,Strep Throat,"Fever, Loss of appetite, Nausea, Pain when swallowing, Severe sore throat, Swollen lymph nodes, Swollen tonsils, White patches on tonsils"
Acute/Surgical,Appendicitis,"Abdominal swelling, Fever, Loss of appetite, Nausea, Pain in lower right abdomen, Vomiting, Weakness"
Infectious,Urinary Tract Infection (UTI),"Body aches, Cloudy or strong-smelling urine, Frequent urination, Pain or burning on urination, Pelvic pain"
Infectious,Influenza (Flu),"Body aches, Dry cough, High fever, Malaise, Runny nose, Sore throat"
Infectious,Urinary Tract Infection (UTI),"Body aches, Cloudy or strong-smelling urine, Frequent urination, Pain or burning on urination, Pelvic pain"
Urological,Kidney Stone,"Fatigue, Nausea, Pain on urination, Pain that radiates to lower abdomen, Pink, red or brown urine, Severe pain in side and back"
Chronic,Asthma,"Chest tightness, Coughing (especially at night), Dizziness, Fever, Shortness of breath, Wheezing"
Infectious,Influenza (Flu),"Body aches, Chills, Dry cough, High fever, Loss of appetite, Runny nose, Sore throat"
Infectious,Urinary Tract Infection (UTI),"Cloudy or strong-smelling urine, Dizziness, Fatigue, Frequent urination, Headache, Pain or burning on urination, Pelvic pain"
Musculoskeletal,Ankle Sprain,"Ankle pain, Bruising, Dizziness, Fatigue, Fever, Inability to bear weight, Swelling, Tenderness to touch"
Infectious,Urinary Tract Infection (UTI),"Body aches, Cloudy or strong-smelling urine, Dizziness, Fever, Frequent urination, Pain or burning on urination, Pelvic pain"
Chronic,Type 2 Diabetes,"Blurry vision, Excessive thirst, Fatigue, Frequent urination, Increased hunger, Nausea, Slow-healing sores, Unexplained weight loss"
Chronic,Asthma,"Chest tightness, Chills, Coughing (especially at night), Shortness of breath, Wheezing"
Neurological,Migraine,"Nausea, Sensitivity to light, Sensitivity to sound, Severe throbbing headache, Visual aura, Vomiting, Weakness"
Infectious,Urinary Tract Infection (UTI),"Body aches, Chills, Cloudy or strong-smelling urine, Frequent urination, Loss of appetite, Pain or burning on urination, Pelvic pain"
Allergy,Allergic Rhinitis (Hay Fever),"Dizziness, Itchy, watery eyes, Nasal congestion, Nausea, Runny nose, Sneezing"
Chronic,Hypertension,"Dizziness, Headaches, Nausea, Nosebleeds, Often asymptomatic, Shortness of breath"
Infectious,Pneumonia,"Chest pain, Chills, Cough with phlegm, Difficulty breathing, Fever, Headache, Weakness"
Chronic,Asthma,"Chest tightness, Chills, Coughing (especially at night), Malaise, Nausea, Shortness of breath, Wheezing"
Chronic,Hypertension,"Body aches, Dizziness, Headaches, Malaise, Nausea, Nosebleeds, Often asymptomatic, Shortness of breath"
Infectious,Influenza (Flu),"Body aches, Dry cough, High fever, Runny nose, Sore throat, Weakness"
Infectious,Influenza (Flu),"Body aches, Chills, Dry cough, Fatigue, High fever, Runny nose, Sore throat"
Chronic,Hypertension,"Dizziness, Headaches, Loss of appetite, Nosebleeds, Often asymptomatic, Shortness of breath"
Chronic,Hypertension,"Dizziness, Headaches, Nosebleeds, Often asymptomatic, Shortness of breath, Weakness"
Infectious,COVID-19,"Body aches, Dry cough, Fatigue, Fever, Loss of taste or smell, Shortness of breath"
Acute/Surgical,Appendicitis,"Abdominal swelling, Dizziness, Fever, Loss of appetite, Nausea, Pain in lower right abdomen, Vomiting"
Chronic,Asthma,"Chest tightness, Coughing (especially at night), Dizziness, Fever, Malaise, Shortness of breath, Wheezing"
Allergy,Allergic Rhinitis (Hay Fever),"Headache, Itchy, watery eyes, Malaise, Nasal congestion, Runny nose, Sneezing, Weakness"
Infectious,Strep Throat,"Fever, Malaise, Pain when swallowing, Severe sore throat, Swollen lymph nodes, Swollen tonsils, Weakness, White patches on tonsils"
Infectious,Gastroenteritis (Stomach Flu),"Diarrhea, Headache, Loss of appetite, Nausea, Stomach cramps, Vomiting, Weakness"
Chronic,Type 2 Diabetes,"Blurry vision, Excessive thirst, Fatigue, Frequent urination, Increased hunger, Slow-healing sores, Unexplained weight loss"
Urological,Kidney Stone,"Body aches, Nausea, Pain on urination, Pain that radiates to lower abdomen, Pink, red or brown urine, Severe pain in side and back"
Chronic,Asthma,"Chest tightness, Coughing (especially at night), Malaise, Shortness of breath, Weakness, Wheezing"
Musculoskeletal,Ankle Sprain,"Ankle pain, Bruising, Fatigue, Inability to bear weight, Swelling, Tenderness to touch"
Infectious,Strep Throat,"Fever, Nausea, Pain when swallowing, Severe sore throat, Swollen lymph nodes, Swollen tonsils, White patches on tonsils"
Musculoskeletal,Rheumatoid Arthritis,"Fatigue, Fever, Headache, Joint pain, Joint stiffness (worse in morning), Swollen joints"
Infectious,Pneumonia,"Chest pain, Chills, Cough with phlegm, Difficulty breathing, Fever, Nausea"
Infectious,Pneumonia,"Chest pain, Chills, Cough with phlegm, Difficulty breathing, Fatigue, Fever"
Neurological,Migraine,"Body aches, Dizziness, Fever, Nausea, Sensitivity to light, Sensitivity to sound, Severe throbbing headache, Visual aura, Vomiting"
Infectious,Urinary Tract Infection (UTI),"Cloudy or strong-smelling urine, Frequent urination, Nausea, Pain or burning on urination, Pelvic pain"
Infectious,Strep Throat,"Body aches, Fever, Loss of appetite, Malaise, Pain when swallowing, Severe sore throat, Swollen lymph nodes, Swollen tonsils, White patches on tonsils"
Allergy,Allergic Rhinitis (Hay Fever),"Headache, Itchy, watery eyes, Loss of appetite, Nasal congestion, Runny nose, Sneezing"
Chronic,Type 2 Diabetes,"Blurry vision, Excessive thirst, Fatigue, Frequent urination, Headache, Increased hunger, Slow-healing sores, Unexplained weight loss"
Urological,Kidney Stone,"Fatigue, Fever, Nausea, Pain on urination, Pain that radiates to lower abdomen, Pink, red or brown urine, Severe pain in side and back"
Infectious,Pneumonia,"Chest pain, Chills, Cough with phlegm, Difficulty breathing, Fatigue, Fever, Malaise"
Infectious,COVID-19,"Dry cough, Fatigue, Fever, Loss of taste or smell, Shortness of breath"
Chronic,Type 2 Diabetes,"Blurry vision, Excessive thirst, Frequent urination, Headache, Increased hunger, Nausea, Slow-healing sores, Unexplained weight loss"
Allergy,Allergic Rhinitis (Hay Fever),"Chills, Headache, Itchy, watery eyes, Loss of appetite, Nasal congestion, Runny nose, Sneezing"
Acute/Surgical,Appendicitis,"Abdominal swelling, Body aches, Fever, Loss of appetite, Nausea, Pain in lower right abdomen, Vomiting"
Infectious,COVID-19,"Dry cough, Fatigue, Fever, Loss of taste or smell, Malaise, Shortness of breath"
Urological,Kidney Stone,"Fever, Nausea, Pain on urination, Pain that radiates to lower abdomen, Pink, red or brown urine, Severe pain in side and back, Weakness"
Allergy,Allergic Rhinitis (Hay Fever),"Chills, Itchy, watery eyes, Malaise, Nasal congestion, Runny nose, Sneezing"
Infectious,Influenza (Flu),"Body aches, Dizziness, Dry cough, High fever, Runny nose, Sore throat"
Neurological,Migraine,"Fatigue, Malaise, Nausea, Sensitivity to light, Sensitivity to sound, Severe throbbing headache, Visual aura, Vomiting"
Infectious,Pneumonia,"Body aches, Chest pain, Chills, Cough with phlegm, Difficulty breathing, Fever, Loss of appetite, Weakness"
Infectious,Urinary Tract Infection (UTI),"Cloudy or strong-smelling urine, Fever, Frequent urination, Loss of appetite, Malaise, Pain or burning on urination, Pelvic pain"
Allergy,Allergic Rhinitis (Hay Fever),"Fever, Itchy, watery eyes, Nasal congestion, Runny nose, Sneezing"
Infectious,Influenza (Flu),"Body aches, Dry cough, Fever, High fever, Malaise, Runny nose, Sore throat"
Infectious,COVID-19,"Dry cough, Fatigue, Fever, Loss of appetite, Loss of taste or smell, Shortness of breath, Weakness"
Neurological,Migraine,"Chills, Nausea, Sensitivity to light, Sensitivity to sound, Severe throbbing headache, Visual aura, Vomiting"
Musculoskeletal,Ankle Sprain,"Ankle pain, Bruising, Dizziness, Fever, Inability to bear weight, Malaise, Swelling, Tenderness to touch"
Acute/Surgical,Appendicitis,"Abdominal swelling, Chills, Fever, Loss of appetite, Malaise, Nausea, Pain in lower right abdomen, Vomiting"
Chronic,Type 2 Diabetes,"Blurry vision, Excessive thirst, Frequent urination, Increased hunger, Loss of appetite, Slow-healing sores, Unexplained weight loss"
Infectious,Urinary Tract Infection (UTI),"Chills, Cloudy or strong-smelling urine, Frequent urination, Headache, Pain or burning on urination, Pelvic pain, Weakness"
Acute/Surgical,Appendicitis,"Abdominal swelling, Dizziness, Fever, Loss of appetite, Nausea, Pain in lower right abdomen, Vomiting"
Infectious,Gastroenteritis (Stomach Flu),"Body aches, Diarrhea, Nausea, Stomach cramps, Vomiting, Weakness"
Infectious,Pneumonia,"Chest pain, Chills, Cough with phlegm, Difficulty breathing, Fever, Loss of appetite"
Infectious,Pneumonia,"Chest pain, Chills, Cough with phlegm, Difficulty breathing, Fever, Malaise, Nausea"
Musculoskeletal,Ankle Sprain,"Ankle pain, Body aches, Bruising, Fatigue, Inability to bear weight, Swelling, Tenderness to touch"
Allergy,Allergic Rhinitis (Hay Fever),"Dizziness, Fatigue, Itchy, watery eyes, Nasal congestion, Runny nose, Sneezing, Weakness"
Infectious,Gastroenteritis (Stomach Flu),"Diarrhea, Loss of appetite, Nausea, Stomach cramps, Vomiting"
Acute/Surgical,Appendicitis,"Abdominal swelling, Fatigue, Fever, Loss of appetite, Nausea, Pain in lower right abdomen, Vomiting, Weakness"
Neurological,Migraine,"Headache, Nausea, Sensitivity to light, Sensitivity to sound, Severe throbbing headache, Visual aura, Vomiting"
Urological,Kidney Stone,"Malaise, Nausea, Pain on urination, Pain that radiates to lower abdomen, Pink, red or brown urine, Severe pain in side and back"
Infectious,Pneumonia,"Chest pain, Chills, Cough with phlegm, Difficulty breathing, Fever"
Chronic,Type 2 Diabetes,"Blurry vision, Chills, Excessive thirst, Frequent urination, Headache, Increased hunger, Slow-healing sores, Unexplained weight loss"
Chronic,Hypertension,"Body aches, Dizziness, Fatigue, Headaches, Nosebleeds, Often asymptomatic, Shortness of breath"
Neurological,Migraine,"Nausea, Sensitivity to light, Sensitivity to sound, Severe throbbing headache, Visual aura, Vomiting"
Musculoskeletal,Tibial/Fibular Fracture,"Bruising, Dizziness, Inability to bear weight, Loss of appetite, Severe leg pain, Swelling, Visible deformity"
Allergy,Allergic Rhinitis (Hay Fever),"Fatigue, Itchy, watery eyes, Malaise, Nasal congestion, Runny nose, Sneezing"
Infectious,Urinary Tract Infection (UTI),"Cloudy or strong-smelling urine, Fatigue, Frequent urination, Headache, Loss of appetite, Pain or burning on urination, Pelvic pain"
Acute/Surgical,Appendicitis,"Abdominal swelling, Fatigue, Fever, Loss of appetite, Nausea, Pain in lower right abdomen, Vomiting"
Musculoskeletal,Rheumatoid Arthritis,"Dizziness, Fatigue, Fever, Joint pain, Joint stiffness (worse in morning), Loss of appetite, Swollen joints"
Infectious,Urinary Tract Infection (UTI),"Cloudy or strong-smelling urine, Frequent urination, Pain or burning on urination, Pelvic pain, Weakness"
Infectious,Strep Throat,"Fever, Loss of appetite, Pain when swallowing, Severe sore throat, Swollen lymph nodes, Swollen tonsils, White patches on tonsils"
Acute/Surgical,Appendicitis,"Abdominal swelling, Body aches, Chills, Dizziness, Fever, Loss of appetite, Nausea, Pain in lower right abdomen, Vomiting"
Chronic,Asthma,"Chest tightness, Coughing (especially at night), Fever, Shortness of breath, Wheezing"
Allergy,Allergic Rhinitis (Hay Fever),"Dizziness, Itchy, watery eyes, Loss of appetite, Malaise, Nasal congestion, Runny nose, Sneezing"
Urological,Kidney Stone,"Nausea, Pain on urination, Pain that radiates to lower abdomen, Pink, red or brown urine, Severe pain in side and back, Weakness"
Neurological,Migraine,"Malaise, Nausea, Sensitivity to light, Sensitivity to sound, Severe throbbing headache, Visual aura, Vomiting"
Infectious,Pneumonia,"Chest pain, Chills, Cough with phlegm, Difficulty breathing, Fever"
Musculoskeletal,Rheumatoid Arthritis,"Body aches, Fatigue, Fever, Joint pain, Joint stiffness (worse in morning), Nausea, Swollen joints"
Chronic,Asthma,"Body aches, Chest tightness, Coughing (especially at night), Fatigue, Shortness of breath, Wheezing"
Infectious,Pneumonia,"Chest pain, Chills, Cough with phlegm, Difficulty breathing, Fever, Headache"
Neurological,Migraine,"Body aches, Fatigue, Nausea, Sensitivity to light, Sensitivity to sound, Severe throbbing headache, Visual aura, Vomiting, Weakness"
Neurological,Migraine,"Chills, Headache, Nausea, Sensitivity to light, Sensitivity to sound, Severe throbbing headache, Visual aura, Vomiting"
Infectious,Pneumonia,"Chest pain, Chills, Cough with phlegm, Difficulty breathing, Dizziness, Fever, Loss of appetite"
Musculoskeletal,Ankle Sprain,"Ankle pain, Bruising, Fatigue, Inability to bear weight, Swelling, Tenderness to touch"
Urological,Kidney Stone,"Loss of appetite, Malaise, Nausea, Pain on urination, Pain that radiates to lower abdomen, Pink, red or brown urine, Severe pain in side and back"
Infectious,Urinary Tract Infection (UTI),"Cloudy or strong-smelling urine, Frequent urination, Malaise, Nausea, Pain or burning on urination, Pelvic pain"
Chronic,Type 2 Diabetes,"Blurry vision, Excessive thirst, Fatigue, Frequent urination, Increased hunger, Slow-healing sores, Unexplained weight loss"
Allergy,Allergic Rhinitis (Hay Fever),"Body aches, Dizziness, Itchy, watery eyes, Nasal congestion, Runny nose, Sneezing"
Musculoskeletal,Rheumatoid Arthritis,"Fatigue, Fever, Joint pain, Joint stiffness (worse in morning), Swollen joints, Weakness"
Neurological,Migraine,"Dizziness, Nausea, Sensitivity to light, Sensitivity to sound, Severe throbbing headache, Visual aura, Vomiting"
Infectious,Pneumonia,"Body aches, Chest pain, Chills, Cough with phlegm, Difficulty breathing, Fever, Weakness"
Infectious,Gastroenteritis (Stomach Flu),"Chills, Diarrhea, Fatigue, Fever, Nausea, Stomach cramps, Vomiting"
Chronic,Type 2 Diabetes,"Blurry vision, Body aches, Excessive thirst, Frequent urination, Increased hunger, Slow-healing sores, Unexplained weight loss"
Infectious,Pneumonia,"Chest pain, Chills, Cough with phlegm, Difficulty breathing, Fever, Headache, Malaise"
Chronic,Hypertension,"Dizziness, Fever, Headaches, Malaise, Nosebleeds, Often asymptomatic, Shortness of breath, Weakness"
Infectious,Urinary Tract Infection (UTI),"Chills, Cloudy or strong-smelling urine, Fever, Frequent urination, Pain or burning on urination, Pelvic pain"
Infectious,Gastroenteritis (Stomach Flu),"Body aches, Chills, Diarrhea, Nausea, Stomach cramps, Vomiting"
Urological,Kidney Stone,"Malaise, Nausea, Pain on urination, Pain that radiates to lower abdomen, Pink, red or brown urine, Severe pain in side and back, Weakness"
Infectious,Gastroenteritis (Stomach Flu),"Body aches, Diarrhea, Nausea, Stomach cramps, Vomiting"
Infectious,Pneumonia,"Chest pain, Chills, Cough with phlegm, Difficulty breathing, Fever, Headache, Nausea"
Acute/Surgical,Appendicitis,"Abdominal swelling, Dizziness, Fever, Loss of appetite, Malaise, Nausea, Pain in lower right abdomen, Vomiting"
Infectious,Pneumonia,"Chest pain, Chills, Cough with phlegm, Difficulty breathing, Fever, Nausea, Weakness"
Neurological,Migraine,"Body aches, Nausea, Sensitivity to light, Sensitivity to sound, Severe throbbing headache, Visual aura, Vomiting, Weakness"
Infectious,Gastroenteritis (Stomach Flu),"Diarrhea, Dizziness, Loss of appetite, Nausea, Stomach cramps, Vomiting"
Musculoskeletal,Rheumatoid Arthritis,"Body aches, Fatigue, Fever, Joint pain, Joint stiffness (worse in morning), Nausea, Swollen joints"
Infectious,Urinary Tract Infection (UTI),"Body aches, Chills, Cloudy or strong-smelling urine, Fever, Frequent urination, Pain or burning on urination, Pelvic pain"
Musculoskeletal,Ankle Sprain,"Ankle pain, Bruising, Headache, Inability to bear weight, Swelling, Tenderness to touch"
Acute/Surgical,Appendicitis,"Abdominal swelling, Fever, Loss of appetite, Nausea, Pain in lower right abdomen, Vomiting"
Musculoskeletal,Rheumatoid Arthritis,"Fatigue, Fever, Joint pain, Joint stiffness (worse in morning), Swollen joints, Weakness"
Musculoskeletal,Ankle Sprain,"Ankle pain, Bruising, Fever, Headache, Inability to bear weight, Loss of appetite, Swelling, Tenderness to touch"
Acute/Surgical,Appendicitis,"Abdominal swelling, Dizziness, Fatigue, Fever, Loss of appetite, Nausea, Pain in lower right abdomen, Vomiting, Weakness"
Chronic,Asthma,"Chest tightness, Chills, Coughing (especially at night), Shortness of breath, Wheezing"
Allergy,Allergic Rhinitis (Hay Fever),"Fatigue, Itchy, watery eyes, Nasal congestion, Runny nose, Sneezing"
Chronic,Type 2 Diabetes,"Blurry vision, Body aches, Dizziness, Excessive thirst, Frequent urination, Increased hunger, Malaise, Slow-healing sores, Unexplained weight loss"
Chronic,Type 2 Diabetes,"Blurry vision, Excessive thirst, Fever, Frequent urination, Increased hunger, Slow-healing sores, Unexplained weight loss"
Chronic,Asthma,"Chest tightness, Coughing (especially at night), Headache, Malaise, Shortness of breath, Wheezing"
Infectious,COVID-19,"Dry cough, Fatigue, Fever, Headache, Loss of appetite, Loss of taste or smell, Shortness of breath"
Infectious,COVID-19,"Dry cough, Fatigue, Fever, Headache, Loss of taste or smell, Shortness of breath"
Allergy,Allergic Rhinitis (Hay Fever),"Itchy, watery eyes, Nasal congestion, Runny nose, Sneezing, Weakness"
Neurological,Migraine,"Chills, Headache, Loss of appetite, Nausea, Sensitivity to light, Sensitivity to sound, Severe throbbing headache, Visual aura, Vomiting"
Musculoskeletal,Ankle Sprain,"Ankle pain, Body aches, Bruising, Inability to bear weight, Malaise, Nausea, Swelling, Tenderness to touch"
Infectious,COVID-19,"Dry cough, Fatigue, Fever, Headache, Loss of taste or smell, Shortness of breath"
Urological,Kidney Stone,"Chills, Nausea, Pain on urination, Pain that radiates to lower abdomen, Pink, red or brown urine, Severe pain in side and back"
Infectious,Gastroenteritis (Stomach Flu),"Diarrhea, Malaise, Nausea, Stomach cramps, Vomiting"
Infectious,COVID-19,"Dry cough, Fatigue, Fever, Headache, Loss of taste or smell, Malaise, Shortness of breath"
Chronic,Type 2 Diabetes,"Blurry vision, Excessive thirst, Fatigue, Frequent urination, Increased hunger, Nausea, Slow-healing sores, Unexplained weight loss"
Acute/Surgical,Appendicitis,"Abdominal swelling, Fever, Loss of appetite, Nausea, Pain in lower right abdomen, Vomiting, Weakness"
Urological,Kidney Stone,"Dizziness, Malaise, Nausea, Pain on urination, Pain that radiates to lower abdomen, Pink, red or brown urine, Severe pain in side and back"
Infectious,Strep Throat,"Chills, Fatigue, Fever, Pain when swallowing, Severe sore throat, Swollen lymph nodes, Swollen tonsils, White patches on tonsils"
Musculoskeletal,Tibial/Fibular Fracture,"Body aches, Bruising, Inability to bear weight, Malaise, Severe leg pain, Swelling, Visible deformity, Weakness"
Infectious,Urinary Tract Infection (UTI),"Cloudy or strong-smelling urine, Frequent urination, Pain or burning on urination, Pelvic pain, Weakness"
Musculoskeletal,Rheumatoid Arthritis,"Fatigue, Fever, Joint pain, Joint stiffness (worse in morning), Malaise, Swollen joints"
Urological,Kidney Stone,"Fatigue, Fever, Nausea, Pain on urination, Pain that radiates to lower abdomen, Pink, red or brown urine, Severe pain in side and back, Weakness"
Infectious,Pneumonia,"Chest pain, Chills, Cough with phlegm, Difficulty breathing, Fever, Headache, Nausea"
Infectious,Pneumonia,"Chest pain, Chills, Cough with phlegm, Difficulty breathing, Dizziness, Fever"
Chronic,Hypertension,"Dizziness, Headaches, Nosebleeds, Often asymptomatic, Shortness of breath"
Chronic,Asthma,"Chest tightness, Chills, Coughing (especially at night), Fever, Shortness of breath, Wheezing"
Neurological,Migraine,"Fever, Malaise, Nausea, Sensitivity to light, Sensitivity to sound, Severe throbbing headache, Visual aura, Vomiting, Weakness"
Neurological,Migraine,"Dizziness, Fever, Nausea, Sensitivity to light, Sensitivity to sound, Severe throbbing headache, Visual aura, Vomiting"
Musculoskeletal,Tibial/Fibular Fracture,"Bruising, Chills, Fatigue, Inability to bear weight, Nausea, Severe leg pain, Swelling, Visible deformity"
Infectious,Urinary Tract Infection (UTI),"Cloudy or strong-smelling urine, Dizziness, Fever, Frequent urination, Loss of appetite, Pain or burning on urination, Pelvic pain"
Neurological,Migraine,"Fatigue, Malaise, Nausea, Sensitivity to light, Sensitivity to sound, Severe throbbing headache, Visual aura, Vomiting"
Neurological,Migraine,"Fatigue, Malaise, Nausea, Sensitivity to light, Sensitivity to sound, Severe throbbing headache, Visual aura, Vomiting"
Acute/Surgical,Appendicitis,"Abdominal swelling, Fever, Headache, Loss of appetite, Nausea, Pain in lower right abdomen, Vomiting"
Infectious,COVID-19,"Dizziness, Dry cough, Fatigue, Fever, Loss of taste or smell, Nausea, Shortness of breath"
Musculoskeletal,Ankle Sprain,"Ankle pain, Bruising, Chills, Inability to bear weight, Swelling, Tenderness to touch"
Neurological,Migraine,"Nausea, Sensitivity to light, Sensitivity to sound, Severe throbbing headache, Visual aura, Vomiting, Weakness"
Infectious,Gastroenteritis (Stomach Flu),"Diarrhea, Fatigue, Nausea, Stomach cramps, Vomiting"
Infectious,COVID-19,"Dry cough, Fatigue, Fever, Loss of taste or smell, Shortness of breath, Weakness"
Allergy,Allergic Rhinitis (Hay Fever),"Dizziness, Fever, Itchy, watery eyes, Nasal congestion, Nausea, Runny nose, Sneezing"
Infectious,Urinary Tract Infection (UTI),"Cloudy or strong-smelling urine, Frequent urination, Malaise, Pain or burning on urination, Pelvic pain"
Infectious,COVID-19,"Dry cough, Fatigue, Fever, Headache, Loss of appetite, Loss of taste or smell, Shortness of breath"
Musculoskeletal,Rheumatoid Arthritis,"Fatigue, Fever, Joint pain, Joint stiffness (worse in morning), Malaise, Swollen joints"
Infectious,Strep Throat,"Fever, Malaise, Pain when swallowing, Severe sore throat, Swollen lymph nodes, Swollen tonsils, Weakness, White patches on tonsils"
Infectious,COVID-19,"Dry cough, Fatigue, Fever, Loss of taste or smell, Nausea, Shortness of breath"
Musculoskeletal,Rheumatoid Arthritis,"Chills, Fatigue, Fever, Joint pain, Joint stiffness (worse in morning), Swollen joints"
Infectious,Gastroenteritis (Stomach Flu),"Diarrhea, Fever, Nausea, Stomach cramps, Vomiting"
Neurological,Migraine,"Fever, Loss of appetite, Nausea, Sensitivity to light, Sensitivity to sound, Severe throbbing headache, Visual aura, Vomiting"
Neurological,Migraine,"Fatigue, Nausea, Sensitivity to light, Sensitivity to sound, Severe throbbing headache, Visual aura, Vomiting"
Urological,Kidney Stone,"Nausea, Pain on urination, Pain that radiates to lower abdomen, Pink, red or brown urine, Severe pain in side and back, Weakness"
Musculoskeletal,Tibial/Fibular Fracture,"Bruising, Fever, Inability to bear weight, Severe leg pain, Swelling, Visible deformity"
Musculoskeletal,Rheumatoid Arthritis,"Fatigue, Fever, Joint pain, Joint stiffness (worse in morning), Malaise, Swollen joints"
Acute/Surgical,Appendicitis,"Abdominal swelling, Chills, Fever, Loss of appetite, Malaise, Nausea, Pain in lower right abdomen, Vomiting"
Infectious,Influenza (Flu),"Body aches, Dry cough, High fever, Malaise, Runny nose, Sore throat"
Chronic,Hypertension,"Chills, Dizziness, Fever, Headache, Headaches, Nosebleeds, Often asymptomatic, Shortness of breath"
Urological,Kidney Stone,"Body aches, Dizziness, Fever, Nausea, Pain on urination, Pain that radiates to lower abdomen, Pink, red or brown urine, Severe pain in side and back"
Infectious,Urinary Tract Infection (UTI),"Cloudy or strong-smelling urine, Dizziness, Fever, Frequent urination, Pain or burning on urination, Pelvic pain"
Infectious,COVID-19,"Body aches, Chills, Dizziness, Dry cough, Fatigue, Fever, Loss of taste or smell, Shortness of breath"
Neurological,Migraine,"Dizziness, Nausea, Sensitivity to light, Sensitivity to sound, Severe throbbing headache, Visual aura, Vomiting"
Infectious,COVID-19,"Dry cough, Fatigue, Fever, Headache, Loss of taste or smell, Shortness of breath"
Neurological,Migraine,"Chills, Headache, Nausea, Sensitivity to light, Sensitivity to sound, Severe throbbing headache, Visual aura, Vomiting"
Infectious,Strep Throat,"Dizziness, Fever, Pain when swallowing, Severe sore throat, Swollen lymph nodes, Swollen tonsils, Weakness, White patches on tonsils"
Infectious,COVID-19,"Dry cough, Fatigue, Fever, Loss of appetite, Loss of taste or smell, Malaise, Shortness of breath"
Chronic,Asthma,"Chest tightness, Coughing (especially at night), Fever, Shortness of breath, Wheezing"
Musculoskeletal,Ankle Sprain,"Ankle pain, Bruising, Inability to bear weight, Swelling, Tenderness to touch, Weakness"
Musculoskeletal,Rheumatoid Arthritis,"Fatigue, Fever, Joint pain, Joint stiffness (worse in morning), Loss of appetite, Malaise, Swollen joints"
Infectious,Urinary Tract Infection (UTI),"Body aches, Cloudy or strong-smelling urine, Frequent urination, Pain or burning on urination, Pelvic pain"
Infectious,COVID-19,"Chills, Dry cough, Fatigue, Fever, Loss of taste or smell, Shortness of breath"
Acute/Surgical,Appendicitis,"Abdominal swelling, Fever, Loss of appetite, Malaise, Nausea, Pain in lower right abdomen, Vomiting"
Infectious,COVID-19,"Dry cough, Fatigue, Fever, Loss of appetite, Loss of taste or smell, Shortness of breath"
Acute/Surgical,Appendicitis,"Abdominal swelling, Fever, Loss of appetite, Nausea, Pain in lower right abdomen, Vomiting, Weakness"
Urological,Kidney Stone,"Fatigue, Headache, Nausea, Pain on urination, Pain that radiates to lower abdomen, Pink, red or brown urine, Severe pain in side and back"
Musculoskeletal,Tibial/Fibular Fracture,"Bruising, Fatigue, Inability to bear weight, Severe leg pain, Swelling, Visible deformity, Weakness"
Neurological,Migraine,"Loss of appetite, Nausea, Sensitivity to light, Sensitivity to sound, Severe throbbing headache, Visual aura, Vomiting"
Chronic,Hypertension,"Dizziness, Headache, Headaches, Nosebleeds, Often asymptomatic, Shortness of breath"
Infectious,Gastroenteritis (Stomach Flu),"Diarrhea, Headache, Nausea, Stomach cramps, Vomiting"
Infectious,Urinary Tract Infection (UTI),"Chills, Cloudy or strong-smelling urine, Frequent urination, Malaise, Pain or burning on urination, Pelvic pain, Weakness"
Urological,Kidney Stone,"Nausea, Pain on urination, Pain that radiates to lower abdomen, Pink, red or brown urine, Severe pain in side and back"
Infectious,Influenza (Flu),"Body aches, Dry cough, Headache, High fever, Runny nose, Sore throat"
Infectious,Urinary Tract Infection (UTI),"Chills, Cloudy or strong-smelling urine, Frequent urination, Headache, Pain or burning on urination, Pelvic pain"
Infectious,COVID-19,"Dry cough, Fatigue, Fever, Loss of appetite, Loss of taste or smell, Malaise, Shortness of breath"
Infectious,Strep Throat,"Dizziness, Fever, Pain when swallowing, Severe sore throat, Swollen lymph nodes, Swollen tonsils, Weakness, White patches on tonsils"
Infectious,COVID-19,"Dry cough, Fatigue, Fever, Loss of taste or smell, Nausea, Shortness of breath"
Infectious,Urinary Tract Infection (UTI),"Cloudy or strong-smelling urine, Fatigue, Frequent urination, Loss of appetite, Pain or burning on urination, Pelvic pain, Weakness"
Acute/Surgical,Appendicitis,"Abdominal swelling, Body aches, Fever, Loss of appetite, Malaise, Nausea, Pain in lower right abdomen, Vomiting"
Infectious,Pneumonia,"Chest pain, Chills, Cough with phlegm, Difficulty breathing, Fever, Malaise, Nausea, Weakness"
Neurological,Migraine,"Chills, Fever, Nausea, Sensitivity to light, Sensitivity to sound, Severe throbbing headache, Visual aura, Vomiting"
Chronic,Type 2 Diabetes,"Blurry vision, Excessive thirst, Frequent urination, Increased hunger, Nausea, Slow-healing sores, Unexplained weight loss"
Infectious,COVID-19,"Dry cough, Fatigue, Fever, Loss of appetite, Loss of taste or smell, Malaise, Shortness of breath"
Infectious,Urinary Tract Infection (UTI),"Cloudy or strong-smelling urine, Frequent urination, Pain or burning on urination, Pelvic pain, Weakness"
Acute/Surgical,Appendicitis,"Abdominal swelling, Body aches, Dizziness, Fever, Loss of appetite, Malaise, Nausea, Pain in lower right abdomen, Vomiting"
Musculoskeletal,Rheumatoid Arthritis,"Dizziness, Fatigue, Fever, Joint pain, Joint stiffness (worse in morning), Malaise, Swollen joints"
Infectious,Strep Throat,"Fatigue, Fever, Pain when swallowing, Severe sore throat, Swollen lymph nodes, Swollen tonsils, White patches on tonsils"
Musculoskeletal,Ankle Sprain,"Ankle pain, Bruising, Dizziness, Inability to bear weight, Loss of appetite, Malaise, Swelling, Tenderness to touch"
Musculoskeletal,Tibial/Fibular Fracture,"Bruising, Dizziness, Inability to bear weight, Severe leg pain, Swelling, Visible deformity"
Infectious,Pneumonia,"Chest pain, Chills, Cough with phlegm, Difficulty breathing, Dizziness, Fever"
Infectious,Urinary Tract Infection (UTI),"Cloudy or strong-smelling urine, Frequent urination, Nausea, Pain or burning on urination, Pelvic pain"
Chronic,Type 2 Diabetes,"Blurry vision, Chills, Excessive thirst, Fever, Frequent urination, Headache, Increased hunger, Slow-healing sores, Unexplained weight loss"
Musculoskeletal,Tibial/Fibular Fracture,"Body aches, Bruising, Inability to bear weight, Severe leg pain, Swelling, Visible deformity, Weakness"
Infectious,Strep Throat,"Fatigue, Fever, Pain when swallowing, Severe sore throat, Swollen lymph nodes, Swollen tonsils, White patches on tonsils"
Musculoskeletal,Tibial/Fibular Fracture,"Bruising, Dizziness, Inability to bear weight, Loss of appetite, Nausea, Severe leg pain, Swelling, Visible deformity"
Infectious,Gastroenteritis (Stomach Flu),"Diarrhea, Fever, Loss of appetite, Nausea, Stomach cramps, Vomiting"
Chronic,Hypertension,"Body aches, Dizziness, Headaches, Malaise, Nosebleeds, Often asymptomatic, Shortness of breath"
Neurological,Migraine,"Body aches, Nausea, Sensitivity to light, Sensitivity to sound, Severe throbbing headache, Visual aura, Vomiting"
Chronic,Type 2 Diabetes,"Blurry vision, Chills, Excessive thirst, Frequent urination, Headache, Increased hunger, Slow-healing sores, Unexplained weight loss"
Infectious,COVID-19,"Dizziness, Dry cough, Fatigue, Fever, Loss of taste or smell, Shortness of breath, Weakness"
Infectious,Urinary Tract Infection (UTI),"Cloudy or strong-smelling urine, Frequent urination, Pain or burning on urination, Pelvic pain, Weakness"
Infectious,Strep Throat,"Chills, Fever, Nausea, Pain when swallowing, Severe sore throat, Swollen lymph nodes, Swollen tonsils, White patches on tonsils"
Infectious,Urinary Tract Infection (UTI),"Cloudy or strong-smelling urine, Frequent urination, Loss of appetite, Pain or burning on urination, Pelvic pain"
Acute/Surgical,Appendicitis,"Abdominal swelling, Body aches, Fever, Headache, Loss of appetite, Nausea, Pain in lower right abdomen, Vomiting, Weakness"
Infectious,Influenza (Flu),"Body aches, Dry cough, High fever, Malaise, Runny nose, Sore throat"
Infectious,Pneumonia,"Body aches, Chest pain, Chills, Cough with phlegm, Difficulty breathing, Fever"
Infectious,Influenza (Flu),"Body aches, Chills, Dry cough, High fever, Loss of appetite, Nausea, Runny nose, Sore throat"
Infectious,Influenza (Flu),"Body aches, Dry cough, Fatigue, High fever, Runny nose, Sore throat, Weakness"
Infectious,COVID-19,"Dry cough, Fatigue, Fever, Headache, Loss of taste or smell, Shortness of breath"
Acute/Surgical,Appendicitis,"Abdominal swelling, Chills, Fatigue, Fever, Loss of appetite, Malaise, Nausea, Pain in lower right abdomen, Vomiting"
Chronic,Asthma,"Chest tightness, Coughing (especially at night), Headache, Nausea, Shortness of breath, Weakness, Wheezing"
Infectious,Urinary Tract Infection (UTI),"Cloudy or strong-smelling urine, Dizziness, Fatigue, Frequent urination, Pain or burning on urination, Pelvic pain"
Infectious,Gastroenteritis (Stomach Flu),"Chills, Diarrhea, Nausea, Stomach cramps, Vomiting"
Musculoskeletal,Ankle Sprain,"Ankle pain, Bruising, Headache, Inability to bear weight, Swelling, Tenderness to touch"
Urological,Kidney Stone,"Fatigue, Malaise, Nausea, Pain on urination, Pain that radiates to lower abdomen, Pink, red or brown urine, Severe pain in side and back"
Infectious,Gastroenteritis (Stomach Flu),"Diarrhea, Nausea, Stomach cramps, Vomiting, Weakness"
Chronic,Asthma,"Chest tightness, Chills, Coughing (especially at night), Fatigue, Shortness of breath, Weakness, Wheezing"
Allergy,Allergic Rhinitis (Hay Fever),"Body aches, Headache, Itchy, watery eyes, Malaise, Nasal congestion, Runny nose, Sneezing"
Infectious,COVID-19,"Dizziness, Dry cough, Fatigue, Fever, Loss of appetite, Loss of taste or smell, Shortness of breath"
Infectious,Influenza (Flu),"Body aches, Dry cough, High fever, Runny nose, Sore throat"
Urological,Kidney Stone,"Dizziness, Nausea, Pain on urination, Pain that radiates to lower abdomen, Pink, red or brown urine, Severe pain in side and back"
Neurological,Migraine,"Body aches, Nausea, Sensitivity to light, Sensitivity to sound, Severe throbbing headache, Visual aura, Vomiting"
Allergy,Allergic Rhinitis (Hay Fever),"Itchy, watery eyes, Nasal congestion, Runny nose, Sneezing, Weakness"
Infectious,Gastroenteritis (Stomach Flu),"Diarrhea, Loss of appetite, Nausea, Stomach cramps, Vomiting"
Infectious,Pneumonia,"Chest pain, Chills, Cough with phlegm, Difficulty breathing, Dizziness, Fatigue, Fever"
Acute/Surgical,Appendicitis,"Abdominal swelling, Fever, Headache, Loss of appetite, Nausea, Pain in lower right abdomen, Vomiting"
Urological,Kidney Stone,"Dizziness, Fever, Nausea, Pain on urination, Pain that radiates to lower abdomen, Pink, red or brown urine, Severe pain in side and back"
Musculoskeletal,Rheumatoid Arthritis,"Fatigue, Fever, Joint pain, Joint stiffness (worse in morning), Nausea, Swollen joints"
Infectious,Pneumonia,"Chest pain, Chills, Cough with phlegm, Difficulty breathing, Fever, Headache"
Infectious,Strep Throat,"Dizziness, Fever, Pain when swallowing, Severe sore throat, Swollen lymph nodes, Swollen tonsils, White patches on tonsils"
Infectious,Influenza (Flu),"Body aches, Dry cough, Fatigue, Fever, High fever, Runny nose, Sore throat, Weakness"
Infectious,Influenza (Flu),"Body aches, Dizziness, Dry cough, High fever, Runny nose, Sore throat, Weakness"
Urological,Kidney Stone,"Fever, Nausea, Pain on urination, Pain that radiates to lower abdomen, Pink, red or brown urine, Severe pain in side and back, Weakness"
Acute/Surgical,Appendicitis,"Abdominal swelling, Fever, Loss of appetite, Malaise, Nausea, Pain in lower right abdomen, Vomiting"
Chronic,Asthma,"Chest tightness, Coughing (especially at night), Headache, Loss of appetite, Shortness of breath, Weakness, Wheezing"
Chronic,Hypertension,"Body aches, Dizziness, Headaches, Nausea, Nosebleeds, Often asymptomatic, Shortness of breath"
Chronic,Type 2 Diabetes,"Blurry vision, Excessive thirst, Frequent urination, Increased hunger, Loss of appetite, Slow-healing sores, Unexplained weight loss, Weakness"
Chronic,Hypertension,"Body aches, Dizziness, Headaches, Nosebleeds, Often asymptomatic, Shortness of breath"
Infectious,Pneumonia,"Body aches, Chest pain, Chills, Cough with phlegm, Difficulty breathing, Fever, Weakness"
Infectious,COVID-19,"Dry cough, Fatigue, Fever, Loss of taste or smell, Nausea, Shortness of breath"
Acute/Surgical,Appendicitis,"Abdominal swelling, Body aches, Fatigue, Fever, Loss of appetite, Nausea, Pain in lower right abdomen, Vomiting"
Acute/Surgical,Appendicitis,"Abdominal swelling, Chills, Fatigue, Fever, Loss of appetite, Nausea, Pain in lower right abdomen, Vomiting"
Infectious,Pneumonia,"Chest pain, Chills, Cough with phlegm, Difficulty breathing, Dizziness, Fever, Loss of appetite"
Infectious,COVID-19,"Dry cough, Fatigue, Fever, Loss of taste or smell, Shortness of breath"
Musculoskeletal,Ankle Sprain,"Ankle pain, Bruising, Inability to bear weight, Loss of appetite, Malaise, Swelling, Tenderness to touch"
Chronic,Type 2 Diabetes,"Blurry vision, Excessive thirst, Fatigue, Fever, Frequent urination, Increased hunger, Loss of appetite, Slow-healing sores, Unexplained weight loss"
Acute/Surgical,Appendicitis,"Abdominal swelling, Fever, Loss of appetite, Nausea, Pain in lower right abdomen, Vomiting"
Musculoskeletal,Ankle Sprain,"Ankle pain, Bruising, Headache, Inability to bear weight, Nausea, Swelling, Tenderness to touch"
Infectious,Urinary Tract Infection (UTI),"Chills, Cloudy or strong-smelling urine, Frequent urination, Pain or burning on urination, Pelvic pain"
Infectious,COVID-19,"Chills, Dry cough, Fatigue, Fever, Loss of taste or smell, Shortness of breath"
Infectious,Gastroenteritis (Stomach Flu),"Diarrhea, Dizziness, Fever, Nausea, Stomach cramps, Vomiting"
Musculoskeletal,Rheumatoid Arthritis,"Fatigue, Fever, Joint pain, Joint stiffness (worse in morning), Malaise, Nausea, Swollen joints"
Infectious,Gastroenteritis (Stomach Flu),"Diarrhea, Headache, Nausea, Stomach cramps, Vomiting"
Chronic,Type 2 Diabetes,"Blurry vision, Body aches, Excessive thirst, Frequent urination, Headache, Increased hunger, Nausea, Slow-healing sores, Unexplained weight loss"
Chronic,Hypertension,"Chills, Dizziness, Headaches, Nosebleeds, Often asymptomatic, Shortness of breath"
Chronic,Type 2 Diabetes,"Blurry vision, Excessive thirst, Frequent urination, Increased hunger, Loss of appetite, Slow-healing sores, Unexplained weight loss"
Allergy,Allergic Rhinitis (Hay Fever),"Chills, Headache, Itchy, watery eyes, Nasal congestion, Nausea, Runny nose, Sneezing"
Infectious,Urinary Tract Infection (UTI),"Cloudy or strong-smelling urine, Fever, Frequent urination, Pain or burning on urination, Pelvic pain"
Infectious,Pneumonia,"Chest pain, Chills, Cough with phlegm, Difficulty breathing, Fatigue, Fever, Nausea"
Urological,Kidney Stone,"Fatigue, Fever, Nausea, Pain on urination, Pain that radiates to lower abdomen, Pink, red or brown urine, Severe pain in side and back"
Neurological,Migraine,"Nausea, Sensitivity to light, Sensitivity to sound, Severe throbbing headache, Visual aura, Vomiting, Weakness"
Infectious,COVID-19,"Dry cough, Fatigue, Fever, Loss of taste or smell, Malaise, Shortness of breath"
Infectious,Gastroenteritis (Stomach Flu),"Body aches, Diarrhea, Headache, Malaise, Nausea, Stomach cramps, Vomiting"
Chronic,Asthma,"Chest tightness, Coughing (especially at night), Fatigue, Malaise, Shortness of breath, Wheezing"
Infectious,Gastroenteritis (Stomach Flu),"Diarrhea, Fatigue, Malaise, Nausea, Stomach cramps, Vomiting"
Urological,Kidney Stone,"Chills, Nausea, Pain on urination, Pain that radiates to lower abdomen, Pink, red or brown urine, Severe pain in side and back"
Infectious,Pneumonia,"Body aches, Chest pain, Chills, Cough with phlegm, Difficulty breathing, Fever, Loss of appetite"
Chronic,Hypertension,"Dizziness, Headaches, Malaise, Nosebleeds, Often asymptomatic, Shortness of breath"
Infectious,Influenza (Flu),"Body aches, Chills, Dry cough, Fatigue, High fever, Loss of appetite, Runny nose, Sore throat"
Musculoskeletal,Tibial/Fibular Fracture,"Bruising, Chills, Inability to bear weight, Severe leg pain, Swelling, Visible deformity"
Infectious,Urinary Tract Infection (UTI),"Cloudy or strong-smelling urine, Fatigue, Frequent urination, Pain or burning on urination, Pelvic pain"
Chronic,Asthma,"Chest tightness, Coughing (especially at night), Headache, Loss of appetite, Nausea, Shortness of breath, Wheezing"
Infectious,Influenza (Flu),"Body aches, Dry cough, Fatigue, Fever, High fever, Runny nose, Sore throat"
Infectious,COVID-19,"Chills, Dry cough, Fatigue, Fever, Loss of appetite, Loss of taste or smell, Shortness of breath, Weakness"
Chronic,Type 2 Diabetes,"Blurry vision, Chills, Excessive thirst, Frequent urination, Headache, Increased hunger, Nausea, Slow-healing sores, Unexplained weight loss"
Infectious,Gastroenteritis (Stomach Flu),"Body aches, Diarrhea, Nausea, Stomach cramps, Vomiting"
Musculoskeletal,Rheumatoid Arthritis,"Chills, Fatigue, Fever, Joint pain, Joint stiffness (worse in morning), Swollen joints"
Chronic,Hypertension,"Dizziness, Fever, Headaches, Loss of appetite, Nosebleeds, Often asymptomatic, Shortness of breath"
Allergy,Allergic Rhinitis (Hay Fever),"Itchy, watery eyes, Loss of appetite, Nasal congestion, Runny nose, Sneezing"
Musculoskeletal,Tibial/Fibular Fracture,"Bruising, Chills, Inability to bear weight, Severe leg pain, Swelling, Visible deformity"
Infectious,Strep Throat,"Fatigue, Fever, Pain when swallowing, Severe sore throat, Swollen lymph nodes, Swollen tonsils, White patches on tonsils"
Neurological,Migraine,"Dizziness, Nausea, Sensitivity to light, Sensitivity to sound, Severe throbbing headache, Visual aura, Vomiting"
Infectious,Pneumonia,"Chest pain, Chills, Cough with phlegm, Difficulty breathing, Fever, Loss of appetite"
Chronic,Hypertension,"Dizziness, Headaches, Loss of appetite, Malaise, Nausea, Nosebleeds, Often asymptomatic, Shortness of breath"
Neurological,Migraine,"Fever, Nausea, Sensitivity to light, Sensitivity to sound, Severe throbbing headache, Visual aura, Vomiting"
Infectious,Strep Throat,"Fever, Loss of appetite, Pain when swallowing, Severe sore throat, Swollen lymph nodes, Swollen tonsils, White patches on tonsils"
Infectious,Gastroenteritis (Stomach Flu),"Body aches, Diarrhea, Dizziness, Headache, Nausea, Stomach cramps, Vomiting"
Chronic,Hypertension,"Dizziness, Headaches, Loss of appetite, Nosebleeds, Often asymptomatic, Shortness of breath"
Chronic,Asthma,"Chest tightness, Coughing (especially at night), Nausea, Shortness of breath, Wheezing"
Urological,Kidney Stone,"Chills, Nausea, Pain on urination, Pain that radiates to lower abdomen, Pink, red or brown urine, Severe pain in side and back"
Musculoskeletal,Rheumatoid Arthritis,"Chills, Fatigue, Fever, Joint pain, Joint stiffness (worse in morning), Swollen joints"
Infectious,Urinary Tract Infection (UTI),"Body aches, Cloudy or strong-smelling urine, Frequent urination, Pain or burning on urination, Pelvic pain"
Musculoskeletal,Rheumatoid Arthritis,"Fatigue, Fever, Joint pain, Joint stiffness (worse in morning), Swollen joints"
Infectious,COVID-19,"Dizziness, Dry cough, Fatigue, Fever, Headache, Loss of taste or smell, Shortness of breath"
Infectious,COVID-19,"Chills, Dizziness, Dry cough, Fatigue, Fever, Loss of taste or smell, Malaise, Shortness of breath"
Infectious,Influenza (Flu),"Body aches, Dizziness, Dry cough, Fatigue, High fever, Runny nose, Sore throat"
Infectious,Urinary Tract Infection (UTI),"Chills, Cloudy or strong-smelling urine, Fatigue, Fever, Frequent urination, Pain or burning on urination, Pelvic pain"
Musculoskeletal,Tibial/Fibular Fracture,"Bruising, Dizziness, Headache, Inability to bear weight, Severe leg pain, Swelling, Visible deformity"
Infectious,Pneumonia,"Chest pain, Chills, Cough with phlegm, Difficulty breathing, Fatigue, Fever, Headache"
Chronic,Type 2 Diabetes,"Blurry vision, Excessive thirst, Frequent urination, Increased hunger, Slow-healing sores, Unexplained weight loss, Weakness"
Chronic,Hypertension,"Dizziness, Fever, Headaches, Nosebleeds, Often asymptomatic, Shortness of breath"
Infectious,Pneumonia,"Body aches, Chest pain, Chills, Cough with phlegm, Difficulty breathing, Fever, Malaise"
Chronic,Hypertension,"Dizziness, Fatigue, Headaches, Nosebleeds, Often asymptomatic, Shortness of breath, Weakness"
Infectious,Pneumonia,"Chest pain, Chills, Cough with phlegm, Difficulty breathing, Fever"
Chronic,Type 2 Diabetes,"Blurry vision, Excessive thirst, Frequent urination, Increased hunger, Nausea, Slow-healing sores, Unexplained weight loss"
Allergy,Allergic Rhinitis (Hay Fever),"Itchy, watery eyes, Malaise, Nasal congestion, Runny nose, Sneezing"
Musculoskeletal,Rheumatoid Arthritis,"Fatigue, Fever, Headache, Joint pain, Joint stiffness (worse in morning), Swollen joints, Weakness"
Infectious,Gastroenteritis (Stomach Flu),"Body aches, Diarrhea, Headache, Nausea, Stomach cramps, Vomiting, Weakness"
Chronic,Asthma,"Body aches, Chest tightness, Coughing (especially at night), Loss of appetite, Shortness of breath, Wheezing"
Infectious,Influenza (Flu),"Body aches, Dizziness, Dry cough, Fever, High fever, Loss of appetite, Runny nose, Sore throat"
Musculoskeletal,Tibial/Fibular Fracture,"Bruising, Dizziness, Inability to bear weight, Loss of appetite, Malaise, Severe leg pain, Swelling, Visible deformity"
Acute/Surgical,Appendicitis,"Abdominal swelling, Fatigue, Fever, Loss of appetite, Malaise, Nausea, Pain in lower right abdomen, Vomiting"
Chronic,Asthma,"Chest tightness, Coughing (especially at night), Nausea, Shortness of breath, Wheezing"
Infectious,Pneumonia,"Chest pain, Chills, Cough with phlegm, Difficulty breathing, Fatigue, Fever"
Musculoskeletal,Tibial/Fibular Fracture,"Bruising, Fatigue, Inability to bear weight, Loss of appetite, Severe leg pain, Swelling, Visible deformity"
Musculoskeletal,Tibial/Fibular Fracture,"Bruising, Dizziness, Inability to bear weight, Severe leg pain, Swelling, Visible deformity"
Acute/Surgical,Appendicitis,"Abdominal swelling, Body aches, Fever, Loss of appetite, Nausea, Pain in lower right abdomen, Vomiting"
Chronic,Type 2 Diabetes,"Blurry vision, Chills, Excessive thirst, Frequent urination, Increased hunger, Slow-healing sores, Unexplained weight loss"
Infectious,Gastroenteritis (Stomach Flu),"Diarrhea, Dizziness, Nausea, Stomach cramps, Vomiting"
Chronic,Type 2 Diabetes,"Blurry vision, Excessive thirst, Fatigue, Frequent urination, Increased hunger, Malaise, Slow-healing sores, Unexplained weight loss"
Urological,Kidney Stone,"Body aches, Chills, Malaise, Nausea, Pain on urination, Pain that radiates to lower abdomen, Pink, red or brown urine, Severe pain in side and back"
Urological,Kidney Stone,"Fever, Loss of appetite, Nausea, Pain on urination, Pain that radiates to lower abdomen, Pink, red or brown urine, Severe pain in side and back"
Infectious,COVID-19,"Dry cough, Fatigue, Fever, Loss of taste or smell, Shortness of breath, Weakness"
Infectious,Influenza (Flu),"Body aches, Dry cough, High fever, Nausea, Runny nose, Sore throat, Weakness"
Infectious,Urinary Tract Infection (UTI),"Cloudy or strong-smelling urine, Frequent urination, Pain or burning on urination, Pelvic pain, Weakness"
Neurological,Migraine,"Fever, Nausea, Sensitivity to light, Sensitivity to sound, Severe throbbing headache, Visual aura, Vomiting"
Musculoskeletal,Ankle Sprain,"Ankle pain, Bruising, Chills, Headache, Inability to bear weight, Swelling, Tenderness to touch"
Chronic,Type 2 Diabetes,"Blurry vision, Body aches, Excessive thirst, Frequent urination, Increased hunger, Malaise, Slow-healing sores, Unexplained weight loss"
Infectious,Gastroenteritis (Stomach Flu),"Diarrhea, Fever, Headache, Nausea, Stomach cramps, Vomiting, Weakness"
Infectious,Influenza (Flu),"Body aches, Dry cough, High fever, Loss of appetite, Runny nose, Sore throat"
Allergy,Allergic Rhinitis (Hay Fever),"Fever, Itchy, watery eyes, Nasal congestion, Runny nose, Sneezing"
Musculoskeletal,Ankle Sprain,"Ankle pain, Bruising, Inability to bear weight, Nausea, Swelling, Tenderness to touch"
Neurological,Migraine,"Fatigue, Nausea, Sensitivity to light, Sensitivity to sound, Severe throbbing headache, Visual aura, Vomiting, Weakness"
Neurological,Migraine,"Body aches, Headache, Nausea, Sensitivity to light, Sensitivity to sound, Severe throbbing headache, Visual aura, Vomiting"
Chronic,Type 2 Diabetes,"Blurry vision, Dizziness, Excessive thirst, Frequent urination, Increased hunger, Slow-healing sores, Unexplained weight loss"
Infectious,Pneumonia,"Chest pain, Chills, Cough with phlegm, Difficulty breathing, Fever, Weakness"
Infectious,Pneumonia,"Chest pain, Chills, Cough with phlegm, Difficulty breathing, Fever, Nausea"
Infectious,Strep Throat,"Body aches, Chills, Fatigue, Fever, Pain when swallowing, Severe sore throat, Swollen lymph nodes, Swollen tonsils, White patches on tonsils"
Allergy,Allergic Rhinitis (Hay Fever),"Chills, Fatigue, Fever, Itchy, watery eyes, Nasal congestion, Runny nose, Sneezing"
Chronic,Asthma,"Chest tightness, Coughing (especially at night), Shortness of breath, Weakness, Wheezing"
Musculoskeletal,Rheumatoid Arthritis,"Chills, Fatigue, Fever, Joint pain, Joint stiffness (worse in morning), Loss of appetite, Malaise, Swollen joints"
Chronic,Type 2 Diabetes,"Blurry vision, Dizziness, Excessive thirst, Frequent urination, Increased hunger, Nausea, Slow-healing sores, Unexplained weight loss"
Infectious,Pneumonia,"Chest pain, Chills, Cough with phlegm, Difficulty breathing, Fever, Loss of appetite, Malaise, Nausea"
Infectious,Urinary Tract Infection (UTI),"Cloudy or strong-smelling urine, Frequent urination, Malaise, Pain or burning on urination, Pelvic pain"
Musculoskeletal,Rheumatoid Arthritis,"Chills, Fatigue, Fever, Joint pain, Joint stiffness (worse in morning), Swollen joints"
Infectious,Strep Throat,"Dizziness, Fever, Pain when swallowing, Severe sore throat, Swollen lymph nodes, Swollen tonsils, White patches on tonsils"
Chronic,Hypertension,"Dizziness, Headache, Headaches, Nosebleeds, Often asymptomatic, Shortness of breath"
Infectious,Gastroenteritis (Stomach Flu),"Chills, Diarrhea, Loss of appetite, Malaise, Nausea, Stomach cramps, Vomiting"
Infectious,Strep Throat,"Fever, Malaise, Pain when swallowing, Severe sore throat, Swollen lymph nodes, Swollen tonsils, White patches on tonsils"
Infectious,Pneumonia,"Body aches, Chest pain, Chills, Cough with phlegm, Difficulty breathing, Fever, Loss of appetite, Malaise"
Chronic,Type 2 Diabetes,"Blurry vision, Body aches, Excessive thirst, Frequent urination, Increased hunger, Nausea, Slow-healing sores, Unexplained weight loss, Weakness"
Neurological,Migraine,"Body aches, Nausea, Sensitivity to light, Sensitivity to sound, Severe throbbing headache, Visual aura, Vomiting"
Musculoskeletal,Tibial/Fibular Fracture,"Body aches, Bruising, Chills, Inability to bear weight, Malaise, Severe leg pain, Swelling, Visible deformity"
Infectious,Urinary Tract Infection (UTI),"Cloudy or strong-smelling urine, Dizziness, Frequent urination, Loss of appetite, Nausea, Pain or burning on urination, Pelvic pain"
Chronic,Asthma,"Chest tightness, Chills, Coughing (especially at night), Headache, Shortness of breath, Wheezing"
Infectious,Strep Throat,"Chills, Fever, Headache, Pain when swallowing, Severe sore throat, Swollen lymph nodes, Swollen tonsils, White patches on tonsils"
Musculoskeletal,Rheumatoid Arthritis,"Fatigue, Fever, Joint pain, Joint stiffness (worse in morning), Swollen joints"
Chronic,Type 2 Diabetes,"Blurry vision, Body aches, Chills, Excessive thirst, Frequent urination, Increased hunger, Slow-healing sores, Unexplained weight loss"
Infectious,Gastroenteritis (Stomach Flu),"Diarrhea, Loss of appetite, Nausea, Stomach cramps, Vomiting, Weakness"
Infectious,COVID-19,"Dizziness, Dry cough, Fatigue, Fever, Loss of taste or smell, Shortness of breath"
Chronic,Type 2 Diabetes,"Blurry vision, Dizziness, Excessive thirst, Frequent urination, Increased hunger, Malaise, Slow-healing sores, Unexplained weight loss"
Neurological,Migraine,"Chills, Nausea, Sensitivity to light, Sensitivity to sound, Severe throbbing headache, Visual aura, Vomiting"
Chronic,Asthma,"Chest tightness, Chills, Coughing (especially at night), Fatigue, Headache, Shortness of breath, Wheezing"
Allergy,Allergic Rhinitis (Hay Fever),"Itchy, watery eyes, Loss of appetite, Nasal congestion, Runny nose, Sneezing"
Urological,Kidney Stone,"Fever, Nausea, Pain on urination, Pain that radiates to lower abdomen, Pink, red or brown urine, Severe pain in side and back"
Chronic,Type 2 Diabetes,"Blurry vision, Excessive thirst, Fever, Frequent urination, Increased hunger, Slow-healing sores, Unexplained weight loss"
Musculoskeletal,Tibial/Fibular Fracture,"Body aches, Bruising, Chills, Inability to bear weight, Nausea, Severe leg pain, Swelling, Visible deformity"
Infectious,Pneumonia,"Chest pain, Chills, Cough with phlegm, Difficulty breathing, Fatigue, Fever, Loss of appetite, Nausea"
Musculoskeletal,Ankle Sprain,"Ankle pain, Bruising, Inability to bear weight, Malaise, Swelling, Tenderness to touch, Weakness"
Infectious,Influenza (Flu),"Body aches, Dry cough, High fever, Runny nose, Sore throat"
Chronic,Hypertension,"Chills, Dizziness, Fever, Headaches, Nausea, Nosebleeds, Often asymptomatic, Shortness of breath"
Infectious,COVID-19,"Body aches, Dry cough, Fatigue, Fever, Loss of appetite, Loss of taste or smell, Malaise, Shortness of breath"
Infectious,Influenza (Flu),"Body aches, Dry cough, Headache, High fever, Runny nose, Sore throat"
Acute/Surgical,Appendicitis,"Abdominal swelling, Dizziness, Fatigue, Fever, Loss of appetite, Malaise, Nausea, Pain in lower right abdomen, Vomiting"
Chronic,Type 2 Diabetes,"Blurry vision, Body aches, Excessive thirst, Frequent urination, Increased hunger, Malaise, Slow-healing sores, Unexplained weight loss"
Allergy,Allergic Rhinitis (Hay Fever),"Body aches, Itchy, watery eyes, Loss of appetite, Nasal congestion, Runny nose, Sneezing"
Infectious,Urinary Tract Infection (UTI),"Cloudy or strong-smelling urine, Frequent urination, Loss of appetite, Pain or burning on urination, Pelvic pain"
Urological,Kidney Stone,"Chills, Dizziness, Headache, Nausea, Pain on urination, Pain that radiates to lower abdomen, Pink, red or brown urine, Severe pain in side and back"
Musculoskeletal,Tibial/Fibular Fracture,"Body aches, Bruising, Inability to bear weight, Loss of appetite, Severe leg pain, Swelling, Visible deformity"
Allergy,Allergic Rhinitis (Hay Fever),"Chills, Itchy, watery eyes, Nasal congestion, Runny nose, Sneezing"
Urological,Kidney Stone,"Fatigue, Nausea, Pain on urination, Pain that radiates to lower abdomen, Pink, red or brown urine, Severe pain in side and back, Weakness"
Musculoskeletal,Ankle Sprain,"Ankle pain, Bruising, Dizziness, Inability to bear weight, Swelling, Tenderness to touch"
Infectious,Gastroenteritis (Stomach Flu),"Diarrhea, Malaise, Nausea, Stomach cramps, Vomiting"
Urological,Kidney Stone,"Chills, Nausea, Pain on urination, Pain that radiates to lower abdomen, Pink, red or brown urine, Severe pain in side and back"
Musculoskeletal,Rheumatoid Arthritis,"Body aches, Dizziness, Fatigue, Fever, Joint pain, Joint stiffness (worse in morning), Malaise, Swollen joints"
Infectious,Influenza (Flu),"Body aches, Dry cough, High fever, Malaise, Runny nose, Sore throat"
Infectious,Strep Throat,"Fever, Headache, Pain when swallowing, Severe sore throat, Swollen lymph nodes, Swollen tonsils, White patches on tonsils"
Infectious,Pneumonia,"Chest pain, Chills, Cough with phlegm, Difficulty breathing, Fatigue, Fever, Loss of appetite, Malaise"
Allergy,Allergic Rhinitis (Hay Fever),"Body aches, Headache, Itchy, watery eyes, Malaise, Nasal congestion, Runny nose, Sneezing"
Acute/Surgical,Appendicitis,"Abdominal swelling, Fatigue, Fever, Headache, Loss of appetite, Nausea, Pain in lower right abdomen, Vomiting"
Allergy,Allergic Rhinitis (Hay Fever),"Body aches, Headache, Itchy, watery eyes, Nasal congestion, Runny nose, Sneezing"
Infectious,Gastroenteritis (Stomach Flu),"Body aches, Diarrhea, Fatigue, Malaise, Nausea, Stomach cramps, Vomiting"
Urological,Kidney Stone,"Nausea, Pain on urination, Pain that radiates to lower abdomen, Pink, red or brown urine, Severe pain in side and back, Weakness"
Infectious,Influenza (Flu),"Body aches, Dry cough, Fatigue, High fever, Runny nose, Sore throat"
Musculoskeletal,Rheumatoid Arthritis,"Chills, Fatigue, Fever, Joint pain, Joint stiffness (worse in morning), Swollen joints"
Musculoskeletal,Ankle Sprain,"Ankle pain, Bruising, Chills, Inability to bear weight, Swelling, Tenderness to touch"
Chronic,Type 2 Diabetes,"Blurry vision, Chills, Excessive thirst, Frequent urination, Increased hunger, Slow-healing sores, Unexplained weight loss"
Infectious,Strep Throat,"Fatigue, Fever, Nausea, Pain when swallowing, Severe sore throat, Swollen lymph nodes, Swollen tonsils, White patches on tonsils"
Musculoskeletal,Rheumatoid Arthritis,"Dizziness, Fatigue, Fever, Joint pain, Joint stiffness (worse in morning), Nausea, Swollen joints"
Musculoskeletal,Ankle Sprain,"Ankle pain, Bruising, Inability to bear weight, Malaise, Nausea, Swelling, Tenderness to touch"
Musculoskeletal,Rheumatoid Arthritis,"Fatigue, Fever, Headache, Joint pain, Joint stiffness (worse in morning), Swollen joints"
Musculoskeletal,Rheumatoid Arthritis,"Fatigue, Fever, Joint pain, Joint stiffness (worse in morning), Malaise, Nausea, Swollen joints"
Neurological,Migraine,"Headache, Nausea, Sensitivity to light, Sensitivity to sound, Severe throbbing headache, Visual aura, Vomiting"
Musculoskeletal,Tibial/Fibular Fracture,"Bruising, Inability to bear weight, Malaise, Severe leg pain, Swelling, Visible deformity"
Infectious,COVID-19,"Dry cough, Fatigue, Fever, Headache, Loss of taste or smell, Shortness of breath"
Musculoskeletal,Ankle Sprain,"Ankle pain, Bruising, Fever, Inability to bear weight, Swelling, Tenderness to touch"
Infectious,Gastroenteritis (Stomach Flu),"Chills, Diarrhea, Headache, Nausea, Stomach cramps, Vomiting"
Neurological,Migraine,"Body aches, Dizziness, Fatigue, Nausea, Sensitivity to light, Sensitivity to sound, Severe throbbing headache, Visual aura, Vomiting"
Musculoskeletal,Ankle Sprain,"Ankle pain, Bruising, Chills, Inability to bear weight, Swelling, Tenderness to touch"
Infectious,Gastroenteritis (Stomach Flu),"Diarrhea, Loss of appetite, Nausea, Stomach cramps, Vomiting, Weakness"
Musculoskeletal,Rheumatoid Arthritis,"Dizziness, Fatigue, Fever, Joint pain, Joint stiffness (worse in morning), Swollen joints"
Chronic,Hypertension,"Dizziness, Headaches, Loss of appetite, Nosebleeds, Often asymptomatic, Shortness of breath"
Infectious,Urinary Tract Infection (UTI),"Chills, Cloudy or strong-smelling urine, Frequent urination, Pain or burning on urination, Pelvic pain"
Infectious,Strep Throat,"Chills, Fever, Malaise, Pain when swallowing, Severe sore throat, Swollen lymph nodes, Swollen tonsils, White patches on tonsils"
Infectious,Urinary Tract Infection (UTI),"Body aches, Cloudy or strong-smelling urine, Frequent urination, Headache, Pain or burning on urination, Pelvic pain"
Allergy,Allergic Rhinitis (Hay Fever),"Itchy, watery eyes, Nasal congestion, Runny nose, Sneezing, Weakness"
Infectious,Pneumonia,"Body aches, Chest pain, Chills, Cough with phlegm, Difficulty breathing, Fever, Nausea"
Chronic,Hypertension,"Body aches, Dizziness, Fever, Headaches, Nausea, Nosebleeds, Often asymptomatic, Shortness of breath"
Urological,Kidney Stone,"Fever, Nausea, Pain on urination, Pain that radiates to lower abdomen, Pink, red or brown urine, Severe pain in side and back"
Infectious,COVID-19,"Dizziness, Dry cough, Fatigue, Fever, Headache, Loss of taste or smell, Shortness of breath"
Musculoskeletal,Tibial/Fibular Fracture,"Bruising, Dizziness, Inability to bear weight, Severe leg pain, Swelling, Visible deformity"
Infectious,Pneumonia,"Chest pain, Chills, Cough with phlegm, Difficulty breathing, Fever, Weakness"
Musculoskeletal,Ankle Sprain,"Ankle pain, Bruising, Inability to bear weight, Loss of appetite, Swelling, Tenderness to touch"
Infectious,Gastroenteritis (Stomach Flu),"Diarrhea, Fatigue, Headache, Nausea, Stomach cramps, Vomiting"
Allergy,Allergic Rhinitis (Hay Fever),"Chills, Headache, Itchy, watery eyes, Nasal congestion, Runny nose, Sneezing"
Urological,Kidney Stone,"Chills, Dizziness, Loss of appetite, Nausea, Pain on urination, Pain that radiates to lower abdomen, Pink, red or brown urine, Severe pain in side and back"
Infectious,Influenza (Flu),"Body aches, Dry cough, High fever, Malaise, Runny nose, Sore throat"
Infectious,Strep Throat,"Fever, Headache, Pain when swallowing, Severe sore throat, Swollen lymph nodes, Swollen tonsils, Weakness, White patches on tonsils"
Allergy,Allergic Rhinitis (Hay Fever),"Body aches, Itchy, watery eyes, Malaise, Nasal congestion, Runny nose, Sneezing"
Allergy,Allergic Rhinitis (Hay Fever),"Itchy, watery eyes, Nasal congestion, Nausea, Runny nose, Sneezing"
Acute/Surgical,Appendicitis,"Abdominal swelling, Fatigue, Fever, Loss of appetite, Nausea, Pain in lower right abdomen, Vomiting"
Musculoskeletal,Ankle Sprain,"Ankle pain, Bruising, Chills, Dizziness, Inability to bear weight, Swelling, Tenderness to touch"
Infectious,Influenza (Flu),"Body aches, Dry cough, Fever, High fever, Loss of appetite, Nausea, Runny nose, Sore throat"
Chronic,Hypertension,"Body aches, Dizziness, Headaches, Nosebleeds, Often asymptomatic, Shortness of breath, Weakness"
Infectious,Pneumonia,"Chest pain, Chills, Cough with phlegm, Difficulty breathing, Fever, Headache"
Chronic,Type 2 Diabetes,"Blurry vision, Chills, Excessive thirst, Fever, Frequent urination, Increased hunger, Slow-healing sores, Unexplained weight loss"
Chronic,Hypertension,"Chills, Dizziness, Headaches, Nosebleeds, Often asymptomatic, Shortness of breath"
Musculoskeletal,Tibial/Fibular Fracture,"Bruising, Fever, Inability to bear weight, Severe leg pain, Swelling, Visible deformity"
Chronic,Asthma,"Body aches, Chest tightness, Coughing (especially at night), Shortness of breath, Wheezing"
Musculoskeletal,Tibial/Fibular Fracture,"Bruising, Fever, Headache, Inability to bear weight, Severe leg pain, Swelling, Visible deformity"
Allergy,Allergic Rhinitis (Hay Fever),"Fever, Headache, Itchy, watery eyes, Nasal congestion, Runny nose, Sneezing"
Musculoskeletal,Tibial/Fibular Fracture,"Bruising, Inability to bear weight, Severe leg pain, Swelling, Visible deformity, Weakness"
Infectious,Strep Throat,"Dizziness, Fever, Loss of appetite, Pain when swallowing, Severe sore throat, Swollen lymph nodes, Swollen tonsils, White patches on tonsils"
Chronic,Hypertension,"Dizziness, Fatigue, Headaches, Nosebleeds, Often asymptomatic, Shortness of breath, Weakness"
Musculoskeletal,Rheumatoid Arthritis,"Fatigue, Fever, Joint pain, Joint stiffness (worse in morning), Swollen joints"
Allergy,Allergic Rhinitis (Hay Fever),"Dizziness, Itchy, watery eyes, Nasal congestion, Nausea, Runny nose, Sneezing, Weakness"
Infectious,Gastroenteritis (Stomach Flu),"Diarrhea, Malaise, Nausea, Stomach cramps, Vomiting"
Musculoskeletal,Rheumatoid Arthritis,"Dizziness, Fatigue, Fever, Headache, Joint pain, Joint stiffness (worse in morning), Swollen joints"
Infectious,Strep Throat,"Fever, Headache, Loss of appetite, Nausea, Pain when swallowing, Severe sore throat, Swollen lymph nodes, Swollen tonsils, White patches on tonsils"
Musculoskeletal,Ankle Sprain,"Ankle pain, Bruising, Fever, Inability to bear weight, Loss of appetite, Swelling, Tenderness to touch"
Musculoskeletal,Ankle Sprain,"Ankle pain, Bruising, Fever, Inability to bear weight, Nausea, Swelling, Tenderness to touch"
Neurological,Migraine,"Body aches, Headache, Nausea, Sensitivity to light, Sensitivity to sound, Severe throbbing headache, Visual aura, Vomiting"
Infectious,COVID-19,"Chills, Dizziness, Dry cough, Fatigue, Fever, Headache, Loss of taste or smell, Shortness of breath"
Urological,Kidney Stone,"Fever, Nausea, Pain on urination, Pain that radiates to lower abdomen, Pink, red or brown urine, Severe pain in side and back"
Infectious,COVID-19,"Dry cough, Fatigue, Fever, Headache, Loss of appetite, Loss of taste or smell, Shortness of breath"
Infectious,Influenza (Flu),"Body aches, Dizziness, Dry cough, Headache, High fever, Runny nose, Sore throat, Weakness"
Neurological,Migraine,"Headache, Nausea, Sensitivity to light, Sensitivity to sound, Severe throbbing headache, Visual aura, Vomiting"
Chronic,Hypertension,"Chills, Dizziness, Headaches, Nosebleeds, Often asymptomatic, Shortness of breath, Weakness"
Infectious,COVID-19,"Dry cough, Fatigue, Fever, Headache, Loss of taste or smell, Malaise, Shortness of breath"
Allergy,Allergic Rhinitis (Hay Fever),"Chills, Dizziness, Itchy, watery eyes, Nasal congestion, Runny nose, Sneezing"
Urological,Kidney Stone,"Loss of appetite, Malaise, Nausea, Pain on urination, Pain that radiates to lower abdomen, Pink, red or brown urine, Severe pain in side and back"
Chronic,Asthma,"Chest tightness, Coughing (especially at night), Fatigue, Fever, Shortness of breath, Weakness, Wheezing"
Allergy,Allergic Rhinitis (Hay Fever),"Body aches, Itchy, watery eyes, Malaise, Nasal congestion, Runny nose, Sneezing"
Infectious,COVID-19,"Dry cough, Fatigue, Fever, Loss of taste or smell, Shortness of breath"
Infectious,Urinary Tract Infection (UTI),"Body aches, Cloudy or strong-smelling urine, Frequent urination, Loss of appetite, Pain or burning on urination, Pelvic pain"
Musculoskeletal,Ankle Sprain,"Ankle pain, Bruising, Fever, Inability to bear weight, Loss of appetite, Swelling, Tenderness to touch"
Musculoskeletal,Rheumatoid Arthritis,"Body aches, Fatigue, Fever, Joint pain, Joint stiffness (worse in morning), Swollen joints"
Chronic,Hypertension,"Body aches, Chills, Dizziness, Fatigue, Headaches, Nosebleeds, Often asymptomatic, Shortness of breath"
Infectious,Pneumonia,"Chest pain, Chills, Cough with phlegm, Difficulty breathing, Dizziness, Fever, Loss of appetite"
Musculoskeletal,Rheumatoid Arthritis,"Body aches, Fatigue, Fever, Headache, Joint pain, Joint stiffness (worse in morning), Swollen joints"
Musculoskeletal,Tibial/Fibular Fracture,"Body aches, Bruising, Inability to bear weight, Loss of appetite, Malaise, Severe leg pain, Swelling, Visible deformity"
Acute/Surgical,Appendicitis,"Abdominal swelling, Body aches, Fever, Loss of appetite, Nausea, Pain in lower right abdomen, Vomiting"
Infectious,COVID-19,"Chills, Dry cough, Fatigue, Fever, Headache, Loss of taste or smell, Shortness of breath"
Chronic,Asthma,"Chest tightness, Coughing (especially at night), Headache, Malaise, Shortness of breath, Weakness, Wheezing"
Acute/Surgical,Appendicitis,"Abdominal swelling, Fever, Loss of appetite, Malaise, Nausea, Pain in lower right abdomen, Vomiting"
Infectious,Urinary Tract Infection (UTI),"Cloudy or strong-smelling urine, Fatigue, Frequent urination, Malaise, Nausea, Pain or burning on urination, Pelvic pain"
Infectious,Pneumonia,"Chest pain, Chills, Cough with phlegm, Difficulty breathing, Fever, Loss of appetite"
Acute/Surgical,Appendicitis,"Abdominal swelling, Fatigue, Fever, Loss of appetite, Nausea, Pain in lower right abdomen, Vomiting"
Musculoskeletal,Tibial/Fibular Fracture,"Bruising, Inability to bear weight, Loss of appetite, Severe leg pain, Swelling, Visible deformity"
Infectious,Gastroenteritis (Stomach Flu),"Body aches, Diarrhea, Nausea, Stomach cramps, Vomiting"
Chronic,Hypertension,"Dizziness, Headache, Headaches, Nosebleeds, Often asymptomatic, Shortness of breath"
Acute/Surgical,Appendicitis,"Abdominal swelling, Fever, Headache, Loss of appetite, Nausea, Pain in lower right abdomen, Vomiting, Weakness"
Infectious,COVID-19,"Dry cough, Fatigue, Fever, Loss of taste or smell, Malaise, Shortness of breath"
Neurological,Migraine,"Loss of appetite, Malaise, Nausea, Sensitivity to light, Sensitivity to sound, Severe throbbing headache, Visual aura, Vomiting"
Musculoskeletal,Tibial/Fibular Fracture,"Bruising, Headache, Inability to bear weight, Severe leg pain, Swelling, Visible deformity, Weakness"
Infectious,COVID-19,"Body aches, Chills, Dry cough, Fatigue, Fever, Loss of taste or smell, Shortness of breath, Weakness"
Neurological,Migraine,"Body aches, Fever, Nausea, Sensitivity to light, Sensitivity to sound, Severe throbbing headache, Visual aura, Vomiting"
Infectious,Strep Throat,"Fever, Pain when swallowing, Severe sore throat, Swollen lymph nodes, Swollen tonsils, Weakness, White patches on tonsils"
Infectious,Gastroenteritis (Stomach Flu),"Diarrhea, Loss of appetite, Nausea, Stomach cramps, Vomiting"
Infectious,Influenza (Flu),"Body aches, Dry cough, Fever, High fever, Runny nose, Sore throat"
Musculoskeletal,Tibial/Fibular Fracture,"Bruising, Fever, Inability to bear weight, Severe leg pain, Swelling, Visible deformity"
Chronic,Hypertension,"Dizziness, Headaches, Malaise, Nosebleeds, Often asymptomatic, Shortness of breath, Weakness"
Chronic,Asthma,"Chest tightness, Chills, Coughing (especially at night), Fever, Loss of appetite, Shortness of breath, Wheezing"
Infectious,Strep Throat,"Fever, Headache, Loss of appetite, Pain when swallowing, Severe sore throat, Swollen lymph nodes, Swollen tonsils, White patches on tonsils"
Musculoskeletal,Rheumatoid Arthritis,"Fatigue, Fever, Headache, Joint pain, Joint stiffness (worse in morning), Malaise, Nausea, Swollen joints"
Infectious,COVID-19,"Dry cough, Fatigue, Fever, Loss of taste or smell, Shortness of breath"
Infectious,Gastroenteritis (Stomach Flu),"Diarrhea, Fatigue, Headache, Nausea, Stomach cramps, Vomiting"
Chronic,Type 2 Diabetes,"Blurry vision, Dizziness, Excessive thirst, Frequent urination, Increased hunger, Slow-healing sores, Unexplained weight loss, Weakness"
Musculoskeletal,Rheumatoid Arthritis,"Fatigue, Fever, Joint pain, Joint stiffness (worse in morning), Swollen joints"
Infectious,Strep Throat,"Fever, Pain when swallowing, Severe sore throat, Swollen lymph nodes, Swollen tonsils, Weakness, White patches on tonsils"
Allergy,Allergic Rhinitis (Hay Fever),"Fatigue, Fever, Itchy, watery eyes, Loss of appetite, Nasal congestion, Runny nose, Sneezing"
Musculoskeletal,Rheumatoid Arthritis,"Chills, Fatigue, Fever, Joint pain, Joint stiffness (worse in morning), Swollen joints"
Infectious,Pneumonia,"Chest pain, Chills, Cough with phlegm, Difficulty breathing, Fever, Loss of appetite, Nausea"
Infectious,COVID-19,"Body aches, Dizziness, Dry cough, Fatigue, Fever, Loss of taste or smell, Shortness of breath"
Musculoskeletal,Rheumatoid Arthritis,"Chills, Fatigue, Fever, Joint pain, Joint stiffness (worse in morning), Swollen joints"
Chronic,Asthma,"Chest tightness, Coughing (especially at night), Fatigue, Malaise, Shortness of breath, Wheezing"
Urological,Kidney Stone,"Nausea, Pain on urination, Pain that radiates to lower abdomen, Pink, red or brown urine, Severe pain in side and back"
Neurological,Migraine,"Nausea, Sensitivity to light, Sensitivity to sound, Severe throbbing headache, Visual aura, Vomiting"
Musculoskeletal,Ankle Sprain,"Ankle pain, Bruising, Headache, Inability to bear weight, Malaise, Nausea, Swelling, Tenderness to touch"
Musculoskeletal,Ankle Sprain,"Ankle pain, Bruising, Fever, Inability to bear weight, Nausea, Swelling, Tenderness to touch"
Urological,Kidney Stone,"Fatigue, Nausea, Pain on urination, Pain that radiates to lower abdomen, Pink, red or brown urine, Severe pain in side and back"
Infectious,Influenza (Flu),"Body aches, Chills, Dry cough, High fever, Runny nose, Sore throat"
Chronic,Type 2 Diabetes,"Blurry vision, Dizziness, Excessive thirst, Frequent urination, Increased hunger, Loss of appetite, Slow-healing sores, Unexplained weight loss"
Acute/Surgical,Appendicitis,"Abdominal swelling, Body aches, Fever, Headache, Loss of appetite, Nausea, Pain in lower right abdomen, Vomiting"
Infectious,Urinary Tract Infection (UTI),"Cloudy or strong-smelling urine, Frequent urination, Headache, Pain or burning on urination, Pelvic pain"
Musculoskeletal,Tibial/Fibular Fracture,"Bruising, Chills, Inability to bear weight, Severe leg pain, Swelling, Visible deformity"
Musculoskeletal,Tibial/Fibular Fracture,"Bruising, Fatigue, Fever, Inability to bear weight, Severe leg pain, Swelling, Visible deformity"
Infectious,Urinary Tract Infection (UTI),"Cloudy or strong-smelling urine, Frequent urination, Nausea, Pain or burning on urination, Pelvic pain"
Infectious,Urinary Tract Infection (UTI),"Chills, Cloudy or strong-smelling urine, Frequent urination, Malaise, Pain or burning on urination, Pelvic pain, Weakness"
Chronic,Hypertension,"Body aches, Dizziness, Headache, Headaches, Nosebleeds, Often asymptomatic, Shortness of breath"
Urological,Kidney Stone,"Dizziness, Headache, Nausea, Pain on urination, Pain that radiates to lower abdomen, Pink, red or brown urine, Severe pain in side and back"
Neurological,Migraine,"Chills, Dizziness, Malaise, Nausea, Sensitivity to light, Sensitivity to sound, Severe throbbing headache, Visual aura, Vomiting"
Chronic,Hypertension,"Dizziness, Headache, Headaches, Nosebleeds, Often asymptomatic, Shortness of breath"
Infectious,Gastroenteritis (Stomach Flu),"Chills, Diarrhea, Malaise, Nausea, Stomach cramps, Vomiting, Weakness"
Musculoskeletal,Rheumatoid Arthritis,"Dizziness, Fatigue, Fever, Joint pain, Joint stiffness (worse in morning), Malaise, Swollen joints"
Urological,Kidney Stone,"Nausea, Pain on urination, Pain that radiates to lower abdomen, Pink, red or brown urine, Severe pain in side and back"
Infectious,COVID-19,"Dry cough, Fatigue, Fever, Loss of taste or smell, Shortness of breath"
Musculoskeletal,Ankle Sprain,"Ankle pain, Bruising, Inability to bear weight, Nausea, Swelling, Tenderness to touch"
Musculoskeletal,Ankle Sprain,"Ankle pain, Body aches, Bruising, Fatigue, Inability to bear weight, Swelling, Tenderness to touch"
Allergy,Allergic Rhinitis (Hay Fever),"Chills, Itchy, watery eyes, Nasal congestion, Runny nose, Sneezing"
Infectious,Strep Throat,"Fatigue, Fever, Malaise, Pain when swallowing, Severe sore throat, Swollen lymph nodes, Swollen tonsils, White patches on tonsils"
Neurological,Migraine,"Dizziness, Fatigue, Fever, Nausea, Sensitivity to light, Sensitivity to sound, Severe throbbing headache, Visual aura, Vomiting"
Infectious,Strep Throat,"Dizziness, Fever, Headache, Pain when swallowing, Severe sore throat, Swollen lymph nodes, Swollen tonsils, White patches on tonsils"
Chronic,Hypertension,"Body aches, Dizziness, Fatigue, Fever, Headaches, Nosebleeds, Often asymptomatic, Shortness of breath"
Infectious,Strep Throat,"Fever, Headache, Pain when swallowing, Severe sore throat, Swollen lymph nodes, Swollen tonsils, White patches on tonsils"
Infectious,Pneumonia,"Chest pain, Chills, Cough with phlegm, Difficulty breathing, Fever, Loss of appetite, Malaise"
Urological,Kidney Stone,"Dizziness, Headache, Nausea, Pain on urination, Pain that radiates to lower abdomen, Pink, red or brown urine, Severe pain in side and back"
Infectious,Influenza (Flu),"Body aches, Chills, Dry cough, High fever, Nausea, Runny nose, Sore throat"
Infectious,Gastroenteritis (Stomach Flu),"Body aches, Diarrhea, Fatigue, Nausea, Stomach cramps, Vomiting"
Urological,Kidney Stone,"Nausea, Pain on urination, Pain that radiates to lower abdomen, Pink, red or brown urine, Severe pain in side and back"
Chronic,Asthma,"Chest tightness, Coughing (especially at night), Fatigue, Shortness of breath, Wheezing"
Musculoskeletal,Tibial/Fibular Fracture,"Bruising, Fatigue, Fever, Inability to bear weight, Malaise, Severe leg pain, Swelling, Visible deformity"
Urological,Kidney Stone,"Body aches, Nausea, Pain on urination, Pain that radiates to lower abdomen, Pink, red or brown urine, Severe pain in side and back"
Infectious,Urinary Tract Infection (UTI),"Cloudy or strong-smelling urine, Dizziness, Fever, Frequent urination, Pain or burning on urination, Pelvic pain"
Infectious,Influenza (Flu),"Body aches, Chills, Dry cough, Fatigue, High fever, Loss of appetite, Runny nose, Sore throat"
Chronic,Type 2 Diabetes,"Blurry vision, Excessive thirst, Frequent urination, Increased hunger, Loss of appetite, Slow-healing sores, Unexplained weight loss, Weakness"
Infectious,Gastroenteritis (Stomach Flu),"Body aches, Diarrhea, Malaise, Nausea, Stomach cramps, Vomiting"
Infectious,Gastroenteritis (Stomach Flu),"Diarrhea, Malaise, Nausea, Stomach cramps, Vomiting"
Chronic,Asthma,"Body aches, Chest tightness, Coughing (especially at night), Fatigue, Shortness of breath, Wheezing"
Infectious,Gastroenteritis (Stomach Flu),"Diarrhea, Fatigue, Nausea, Stomach cramps, Vomiting"
Infectious,Strep Throat,"Chills, Fever, Headache, Loss of appetite, Pain when swallowing, Severe sore throat, Swollen lymph nodes, Swollen tonsils, White patches on tonsils"
Infectious,Urinary Tract Infection (UTI),"Body aches, Cloudy or strong-smelling urine, Fever, Frequent urination, Nausea, Pain or burning on urination, Pelvic pain"
Chronic,Type 2 Diabetes,"Blurry vision, Body aches, Excessive thirst, Frequent urination, Headache, Increased hunger, Nausea, Slow-healing sores, Unexplained weight loss"
Infectious,Influenza (Flu),"Body aches, Dry cough, Fatigue, Fever, High fever, Runny nose, Sore throat"
Musculoskeletal,Rheumatoid Arthritis,"Body aches, Chills, Fatigue, Fever, Headache, Joint pain, Joint stiffness (worse in morning), Swollen joints"
Chronic,Hypertension,"Dizziness, Headaches, Malaise, Nosebleeds, Often asymptomatic, Shortness of breath"
Infectious,COVID-19,"Chills, Dry cough, Fatigue, Fever, Loss of taste or smell, Shortness of breath"
Allergy,Allergic Rhinitis (Hay Fever),"Dizziness, Itchy, watery eyes, Malaise, Nasal congestion, Runny nose, Sneezing"
Infectious,Influenza (Flu),"Body aches, Dry cough, Headache, High fever, Nausea, Runny nose, Sore throat, Weakness"
Musculoskeletal,Tibial/Fibular Fracture,"Bruising, Fatigue, Headache, Inability to bear weight, Malaise, Severe leg pain, Swelling, Visible deformity"
Infectious,COVID-19,"Body aches, Dizziness, Dry cough, Fatigue, Fever, Loss of taste or smell, Malaise, Shortness of breath"
Chronic,Hypertension,"Dizziness, Fatigue, Headaches, Malaise, Nausea, Nosebleeds, Often asymptomatic, Shortness of breath"
Musculoskeletal,Ankle Sprain,"Ankle pain, Bruising, Fever, Inability to bear weight, Malaise, Nausea, Swelling, Tenderness to touch"
Acute/Surgical,Appendicitis,"Abdominal swelling, Body aches, Fever, Loss of appetite, Nausea, Pain in lower right abdomen, Vomiting"
Allergy,Allergic Rhinitis (Hay Fever),"Chills, Headache, Itchy, watery eyes, Malaise, Nasal congestion, Runny nose, Sneezing"
Acute/Surgical,Appendicitis,"Abdominal swelling, Fever, Headache, Loss of appetite, Nausea, Pain in lower right abdomen, Vomiting"
Acute/Surgical,Appendicitis,"Abdominal swelling, Body aches, Dizziness, Fever, Loss of appetite, Nausea, Pain in lower right abdomen, Vomiting"
Infectious,COVID-19,"Chills, Dry cough, Fatigue, Fever, Loss of taste or smell, Shortness of breath"
Neurological,Migraine,"Fatigue, Nausea, Sensitivity to light, Sensitivity to sound, Severe throbbing headache, Visual aura, Vomiting"
Musculoskeletal,Tibial/Fibular Fracture,"Bruising, Fatigue, Fever, Inability to bear weight, Loss of appetite, Severe leg pain, Swelling, Visible deformity"
Infectious,Strep Throat,"Body aches, Fever, Pain when swallowing, Severe sore throat, Swollen lymph nodes, Swollen tonsils, White patches on tonsils"
Chronic,Asthma,"Chest tightness, Coughing (especially at night), Dizziness, Fatigue, Shortness of breath, Wheezing"
Allergy,Allergic Rhinitis (Hay Fever),"Body aches, Fever, Itchy, watery eyes, Nasal congestion, Nausea, Runny nose, Sneezing"
Urological,Kidney Stone,"Headache, Nausea, Pain on urination, Pain that radiates to lower abdomen, Pink, red or brown urine, Severe pain in side and back, Weakness"
Infectious,COVID-19,"Dry cough, Fatigue, Fever, Loss of taste or smell, Malaise, Shortness of breath"
Allergy,Allergic Rhinitis (Hay Fever),"Headache, Itchy, watery eyes, Nasal congestion, Runny nose, Sneezing"
Musculoskeletal,Ankle Sprain,"Ankle pain, Bruising, Chills, Headache, Inability to bear weight, Swelling, Tenderness to touch, Weakness"
Infectious,Gastroenteritis (Stomach Flu),"Body aches, Diarrhea, Loss of appetite, Nausea, Stomach cramps, Vomiting"
Infectious,Urinary Tract Infection (UTI),"Cloudy or strong-smelling urine, Fever, Frequent urination, Loss of appetite, Pain or burning on urination, Pelvic pain"
Neurological,Migraine,"Fatigue, Fever, Nausea, Sensitivity to light, Sensitivity to sound, Severe throbbing headache, Visual aura, Vomiting, Weakness"
Chronic,Asthma,"Chest tightness, Chills, Coughing (especially at night), Shortness of breath, Wheezing"
Infectious,Urinary Tract Infection (UTI),"Cloudy or strong-smelling urine, Fatigue, Frequent urination, Loss of appetite, Pain or burning on urination, Pelvic pain"
Neurological,Migraine,"Dizziness, Fever, Headache, Nausea, Sensitivity to light, Sensitivity to sound, Severe throbbing headache, Visual aura, Vomiting"
Neurological,Migraine,"Headache, Loss of appetite, Nausea, Sensitivity to light, Sensitivity to sound, Severe throbbing headache, Visual aura, Vomiting, Weakness"
Allergy,Allergic Rhinitis (Hay Fever),"Headache, Itchy, watery eyes, Loss of appetite, Nasal congestion, Runny nose, Sneezing, Weakness"
Infectious,Gastroenteritis (Stomach Flu),"Diarrhea, Headache, Nausea, Stomach cramps, Vomiting"
Infectious,Influenza (Flu),"Body aches, Dry cough, Fatigue, High fever, Runny nose, Sore throat"
Musculoskeletal,Ankle Sprain,"Ankle pain, Bruising, Fatigue, Inability to bear weight, Swelling, Tenderness to touch"
Acute/Surgical,Appendicitis,"Abdominal swelling, Fever, Loss of appetite, Malaise, Nausea, Pain in lower right abdomen, Vomiting"
Infectious,Influenza (Flu),"Body aches, Dry cough, High fever, Runny nose, Sore throat"
Chronic,Asthma,"Chest tightness, Coughing (especially at night), Headache, Shortness of breath, Wheezing"
Musculoskeletal,Rheumatoid Arthritis,"Chills, Fatigue, Fever, Joint pain, Joint stiffness (worse in morning), Swollen joints"
Neurological,Migraine,"Body aches, Nausea, Sensitivity to light, Sensitivity to sound, Severe throbbing headache, Visual aura, Vomiting"
Chronic,Hypertension,"Dizziness, Fatigue, Fever, Headaches, Nausea, Nosebleeds, Often asymptomatic, Shortness of breath"
Infectious,Influenza (Flu),"Body aches, Chills, Dry cough, Fever, High fever, Runny nose, Sore throat"
Infectious,Strep Throat,"Dizziness, Fever, Pain when swallowing, Severe sore throat, Swollen lymph nodes, Swollen tonsils, White patches on tonsils"
Musculoskeletal,Ankle Sprain,"Ankle pain, Bruising, Fever, Inability to bear weight, Loss of appetite, Swelling, Tenderness to touch, Weakness"
Infectious,COVID-19,"Dry cough, Fatigue, Fever, Headache, Loss of appetite, Loss of taste or smell, Shortness of breath, Weakness"
Acute/Surgical,Appendicitis,"Abdominal swelling, Chills, Fever, Loss of appetite, Nausea, Pain in lower right abdomen, Vomiting"
Musculoskeletal,Tibial/Fibular Fracture,"Bruising, Dizziness, Inability to bear weight, Severe leg pain, Swelling, Visible deformity"
Infectious,COVID-19,"Dry cough, Fatigue, Fever, Loss of taste or smell, Shortness of breath"
Musculoskeletal,Tibial/Fibular Fracture,"Bruising, Inability to bear weight, Severe leg pain, Swelling, Visible deformity, Weakness"
Infectious,COVID-19,"Chills, Dry cough, Fatigue, Fever, Loss of appetite, Loss of taste or smell, Shortness of breath"
Chronic,Type 2 Diabetes,"Blurry vision, Chills, Excessive thirst, Frequent urination, Increased hunger, Loss of appetite, Slow-healing sores, Unexplained weight loss"
Urological,Kidney Stone,"Loss of appetite, Nausea, Pain on urination, Pain that radiates to lower abdomen, Pink, red or brown urine, Severe pain in side and back"
Musculoskeletal,Ankle Sprain,"Ankle pain, Bruising, Headache, Inability to bear weight, Swelling, Tenderness to touch"
Musculoskeletal,Ankle Sprain,"Ankle pain, Body aches, Bruising, Fever, Inability to bear weight, Nausea, Swelling, Tenderness to touch"
Infectious,Gastroenteritis (Stomach Flu),"Diarrhea, Fever, Nausea, Stomach cramps, Vomiting"
Musculoskeletal,Tibial/Fibular Fracture,"Bruising, Dizziness, Inability to bear weight, Severe leg pain, Swelling, Visible deformity"
Infectious,Strep Throat,"Dizziness, Fever, Malaise, Nausea, Pain when swallowing, Severe sore throat, Swollen lymph nodes, Swollen tonsils, White patches on tonsils"
Neurological,Migraine,"Fever, Headache, Nausea, Sensitivity to light, Sensitivity to sound, Severe throbbing headache, Visual aura, Vomiting"
Musculoskeletal,Tibial/Fibular Fracture,"Bruising, Fatigue, Inability to bear weight, Severe leg pain, Swelling, Visible deformity"
Infectious,Pneumonia,"Chest pain, Chills, Cough with phlegm, Difficulty breathing, Dizziness, Fever"
Allergy,Allergic Rhinitis (Hay Fever),"Itchy, watery eyes, Loss of appetite, Nasal congestion, Runny nose, Sneezing"
Infectious,Urinary Tract Infection (UTI),"Cloudy or strong-smelling urine, Frequent urination, Malaise, Pain or burning on urination, Pelvic pain, Weakness"
Acute/Surgical,Appendicitis,"Abdominal swelling, Fever, Headache, Loss of appetite, Nausea, Pain in lower right abdomen, Vomiting"
Infectious,Pneumonia,"Chest pain, Chills, Cough with phlegm, Difficulty breathing, Fever, Weakness"
Acute/Surgical,Appendicitis,"Abdominal swelling, Body aches, Fever, Loss of appetite, Nausea, Pain in lower right abdomen, Vomiting"
Chronic,Asthma,"Chest tightness, Coughing (especially at night), Fatigue, Shortness of breath, Wheezing"
Chronic,Type 2 Diabetes,"Blurry vision, Excessive thirst, Fever, Frequent urination, Increased hunger, Slow-healing sores, Unexplained weight loss"
Infectious,COVID-19,"Dizziness, Dry cough, Fatigue, Fever, Loss of taste or smell, Shortness of breath"
Musculoskeletal,Rheumatoid Arthritis,"Chills, Fatigue, Fever, Joint pain, Joint stiffness (worse in morning), Swollen joints"
Infectious,Strep Throat,"Chills, Fever, Loss of appetite, Pain when swallowing, Severe sore throat, Swollen lymph nodes, Swollen tonsils, White patches on tonsils"
Chronic,Asthma,"Body aches, Chest tightness, Coughing (especially at night), Loss of appetite, Shortness of breath, Wheezing"
Infectious,Pneumonia,"Chest pain, Chills, Cough with phlegm, Difficulty breathing, Fever, Malaise"
Infectious,Urinary Tract Infection (UTI),"Cloudy or strong-smelling urine, Fever, Frequent urination, Loss of appetite, Pain or burning on urination, Pelvic pain, Weakness"
Neurological,Migraine,"Chills, Nausea, Sensitivity to light, Sensitivity to sound, Severe throbbing headache, Visual aura, Vomiting"
Chronic,Hypertension,"Dizziness, Headaches, Malaise, Nausea, Nosebleeds, Often asymptomatic, Shortness of breath"
Infectious,Pneumonia,"Chest pain, Chills, Cough with phlegm, Difficulty breathing, Fatigue, Fever"
Infectious,Gastroenteritis (Stomach Flu),"Diarrhea, Loss of appetite, Nausea, Stomach cramps, Vomiting"
Musculoskeletal,Rheumatoid Arthritis,"Body aches, Dizziness, Fatigue, Fever, Joint pain, Joint stiffness (worse in morning), Nausea, Swollen joints"
Chronic,Asthma,"Chest tightness, Coughing (especially at night), Nausea, Shortness of breath, Wheezing"
Chronic,Hypertension,"Dizziness, Fatigue, Headaches, Malaise, Nosebleeds, Often asymptomatic, Shortness of breath"
Musculoskeletal,Rheumatoid Arthritis,"Fatigue, Fever, Headache, Joint pain, Joint stiffness (worse in morning), Swollen joints"
Allergy,Allergic Rhinitis (Hay Fever),"Chills, Itchy, watery eyes, Nasal congestion, Runny nose, Sneezing, Weakness"
Musculoskeletal,Rheumatoid Arthritis,"Chills, Fatigue, Fever, Joint pain, Joint stiffness (worse in morning), Loss of appetite, Nausea, Swollen joints"
Infectious,Gastroenteritis (Stomach Flu),"Diarrhea, Fever, Headache, Nausea, Stomach cramps, Vomiting"
Musculoskeletal,Tibial/Fibular Fracture,"Bruising, Fever, Inability to bear weight, Nausea, Severe leg pain, Swelling, Visible deformity"
Infectious,Strep Throat,"Chills, Fever, Pain when swallowing, Severe sore throat, Swollen lymph nodes, Swollen tonsils, Weakness, White patches on tonsils"
Urological,Kidney Stone,"Body aches, Chills, Nausea, Pain on urination, Pain that radiates to lower abdomen, Pink, red or brown urine, Severe pain in side and back"
Chronic,Hypertension,"Chills, Dizziness, Headaches, Loss of appetite, Nosebleeds, Often asymptomatic, Shortness of breath"
Infectious,Strep Throat,"Fever, Malaise, Pain when swallowing, Severe sore throat, Swollen lymph nodes, Swollen tonsils, White patches on tonsils"
Acute/Surgical,Appendicitis,"Abdominal swelling, Fatigue, Fever, Loss of appetite, Nausea, Pain in lower right abdomen, Vomiting"
Chronic,Type 2 Diabetes,"Blurry vision, Excessive thirst, Fever, Frequent urination, Increased hunger, Malaise, Slow-healing sores, Unexplained weight loss"
Chronic,Hypertension,"Body aches, Dizziness, Headaches, Loss of appetite, Nosebleeds, Often asymptomatic, Shortness of breath"
Infectious,Urinary Tract Infection (UTI),"Cloudy or strong-smelling urine, Dizziness, Frequent urination, Loss of appetite, Pain or burning on urination, Pelvic pain"
Allergy,Allergic Rhinitis (Hay Fever),"Dizziness, Itchy, watery eyes, Nasal congestion, Runny nose, Sneezing"
Chronic,Asthma,"Chest tightness, Coughing (especially at night), Dizziness, Loss of appetite, Shortness of breath, Wheezing"
Chronic,Hypertension,"Dizziness, Fever, Headaches, Malaise, Nausea, Nosebleeds, Often asymptomatic, Shortness of breath"
Infectious,COVID-19,"Dry cough, Fatigue, Fever, Headache, Loss of taste or smell, Nausea, Shortness of breath"
Urological,Kidney Stone,"Chills, Nausea, Pain on urination, Pain that radiates to lower abdomen, Pink, red or brown urine, Severe pain in side and back"
Acute/Surgical,Appendicitis,"Abdominal swelling, Chills, Dizziness, Fatigue, Fever, Loss of appetite, Nausea, Pain in lower right abdomen, Vomiting"
Urological,Kidney Stone,"Headache, Loss of appetite, Malaise, Nausea, Pain on urination, Pain that radiates to lower abdomen, Pink, red or brown urine, Severe pain in side and back"
Neurological,Migraine,"Dizziness, Fever, Nausea, Sensitivity to light, Sensitivity to sound, Severe throbbing headache, Visual aura, Vomiting"
Chronic,Type 2 Diabetes,"Blurry vision, Excessive thirst, Frequent urination, Increased hunger, Malaise, Nausea, Slow-healing sores, Unexplained weight loss"
Urological,Kidney Stone,"Nausea, Pain on urination, Pain that radiates to lower abdomen, Pink, red or brown urine, Severe pain in side and back, Weakness"
Infectious,Strep Throat,"Chills, Fever, Loss of appetite, Pain when swallowing, Severe sore throat, Swollen lymph nodes, Swollen tonsils, White patches on tonsils"
Chronic,Asthma,"Chest tightness, Coughing (especially at night), Fever, Shortness of breath, Wheezing"
Neurological,Migraine,"Chills, Dizziness, Nausea, Sensitivity to light, Sensitivity to sound, Severe throbbing headache, Visual aura, Vomiting"
Infectious,Gastroenteritis (Stomach Flu),"Body aches, Chills, Diarrhea, Fatigue, Nausea, Stomach cramps, Vomiting"
Chronic,Type 2 Diabetes,"Blurry vision, Excessive thirst, Frequent urination, Increased hunger, Nausea, Slow-healing sores, Unexplained weight loss"
Infectious,Gastroenteritis (Stomach Flu),"Body aches, Diarrhea, Headache, Malaise, Nausea, Stomach cramps, Vomiting"
Infectious,COVID-19,"Dry cough, Fatigue, Fever, Loss of taste or smell, Shortness of breath, Weakness"
Infectious,Gastroenteritis (Stomach Flu),"Body aches, Diarrhea, Dizziness, Loss of appetite, Nausea, Stomach cramps, Vomiting"
Chronic,Hypertension,"Body aches, Dizziness, Fatigue, Headaches, Nosebleeds, Often asymptomatic, Shortness of breath"
Allergy,Allergic Rhinitis (Hay Fever),"Headache, Itchy, watery eyes, Nasal congestion, Nausea, Runny nose, Sneezing"
Urological,Kidney Stone,"Headache, Nausea, Pain on urination, Pain that radiates to lower abdomen, Pink, red or brown urine, Severe pain in side and back"
Infectious,Pneumonia,"Chest pain, Chills, Cough with phlegm, Difficulty breathing, Fatigue, Fever"
Infectious,Influenza (Flu),"Body aches, Dizziness, Dry cough, High fever, Runny nose, Sore throat"
Infectious,COVID-19,"Chills, Dry cough, Fatigue, Fever, Headache, Loss of taste or smell, Malaise, Shortness of breath"
Chronic,Type 2 Diabetes,"Blurry vision, Dizziness, Excessive thirst, Fatigue, Frequent urination, Increased hunger, Slow-healing sores, Unexplained weight loss"
Infectious,Strep Throat,"Chills, Fever, Pain when swallowing, Severe sore throat, Swollen lymph nodes, Swollen tonsils, White patches on tonsils"
Infectious,Gastroenteritis (Stomach Flu),"Chills, Diarrhea, Fever, Nausea, Stomach cramps, Vomiting, Weakness"
Infectious,Urinary Tract Infection (UTI),"Cloudy or strong-smelling urine, Frequent urination, Nausea, Pain or burning on urination, Pelvic pain"
Infectious,Gastroenteritis (Stomach Flu),"Diarrhea, Fatigue, Headache, Nausea, Stomach cramps, Vomiting"
Allergy,Allergic Rhinitis (Hay Fever),"Dizziness, Itchy, watery eyes, Nasal congestion, Nausea, Runny nose, Sneezing"
Infectious,Urinary Tract Infection (UTI),"Cloudy or strong-smelling urine, Frequent urination, Nausea, Pain or burning on urination, Pelvic pain"
Chronic,Type 2 Diabetes,"Blurry vision, Excessive thirst, Fatigue, Frequent urination, Increased hunger, Slow-healing sores, Unexplained weight loss"
Chronic,Type 2 Diabetes,"Blurry vision, Excessive thirst, Fever, Frequent urination, Increased hunger, Slow-healing sores, Unexplained weight loss"
Musculoskeletal,Tibial/Fibular Fracture,"Body aches, Bruising, Fatigue, Inability to bear weight, Loss of appetite, Severe leg pain, Swelling, Visible deformity"
Infectious,COVID-19,"Chills, Dry cough, Fatigue, Fever, Loss of appetite, Loss of taste or smell, Shortness of breath, Weakness"
Infectious,Influenza (Flu),"Body aches, Dry cough, High fever, Runny nose, Sore throat, Weakness"
Chronic,Hypertension,"Dizziness, Fever, Headaches, Nosebleeds, Often asymptomatic, Shortness of breath"
Musculoskeletal,Ankle Sprain,"Ankle pain, Bruising, Fever, Inability to bear weight, Swelling, Tenderness to touch"
Infectious,Urinary Tract Infection (UTI),"Cloudy or strong-smelling urine, Fatigue, Frequent urination, Pain or burning on urination, Pelvic pain"
Infectious,Pneumonia,"Chest pain, Chills, Cough with phlegm, Difficulty breathing, Fever, Loss of appetite, Nausea"
Infectious,Influenza (Flu),"Body aches, Dry cough, Fever, High fever, Runny nose, Sore throat"
Infectious,Gastroenteritis (Stomach Flu),"Diarrhea, Nausea, Stomach cramps, Vomiting"
Chronic,Type 2 Diabetes,"Blurry vision, Excessive thirst, Fever, Frequent urination, Increased hunger, Loss of appetite, Slow-healing sores, Unexplained weight loss, Weakness"
Chronic,Type 2 Diabetes,"Blurry vision, Excessive thirst, Fever, Frequent urination, Headache, Increased hunger, Slow-healing sores, Unexplained weight loss"
Chronic,Type 2 Diabetes,"Blurry vision, Excessive thirst, Fatigue, Frequent urination, Increased hunger, Loss of appetite, Nausea, Slow-healing sores, Unexplained weight loss"
Neurological,Migraine,"Fever, Nausea, Sensitivity to light, Sensitivity to sound, Severe throbbing headache, Visual aura, Vomiting"
Infectious,Influenza (Flu),"Body aches, Dry cough, High fever, Loss of appetite, Runny nose, Sore throat"
Infectious,COVID-19,"Dry cough, Fatigue, Fever, Headache, Loss of taste or smell, Shortness of breath"
Infectious,COVID-19,"Dry cough, Fatigue, Fever, Loss of taste or smell, Nausea, Shortness of breath"
Chronic,Asthma,"Body aches, Chest tightness, Coughing (especially at night), Loss of appetite, Nausea, Shortness of breath, Wheezing"
Allergy,Allergic Rhinitis (Hay Fever),"Chills, Dizziness, Itchy, watery eyes, Nasal congestion, Runny nose, Sneezing, Weakness"
Musculoskeletal,Rheumatoid Arthritis,"Fatigue, Fever, Joint pain, Joint stiffness (worse in morning), Swollen joints, Weakness"
Neurological,Migraine,"Nausea, Sensitivity to light, Sensitivity to sound, Severe throbbing headache, Visual aura, Vomiting"
Infectious,Influenza (Flu),"Body aches, Dizziness, Dry cough, Headache, High fever, Runny nose, Sore throat"
Chronic,Asthma,"Chest tightness, Chills, Coughing (especially at night), Shortness of breath, Wheezing"
Infectious,Urinary Tract Infection (UTI),"Chills, Cloudy or strong-smelling urine, Frequent urination, Pain or burning on urination, Pelvic pain"
Infectious,Gastroenteritis (Stomach Flu),"Diarrhea, Headache, Loss of appetite, Malaise, Nausea, Stomach cramps, Vomiting"
Musculoskeletal,Tibial/Fibular Fracture,"Bruising, Fatigue, Headache, Inability to bear weight, Severe leg pain, Swelling, Visible deformity"
Musculoskeletal,Tibial/Fibular Fracture,"Bruising, Dizziness, Inability to bear weight, Severe leg pain, Swelling, Visible deformity"
Infectious,Influenza (Flu),"Body aches, Dizziness, Dry cough, High fever, Loss of appetite, Runny nose, Sore throat"
Infectious,Urinary Tract Infection (UTI),"Body aches, Cloudy or strong-smelling urine, Fatigue, Frequent urination, Malaise, Pain or burning on urination, Pelvic pain"
Infectious,Influenza (Flu),"Body aches, Chills, Dry cough, Fever, High fever, Malaise, Runny nose, Sore throat"
Infectious,COVID-19,"Chills, Dry cough, Fatigue, Fever, Loss of appetite, Loss of taste or smell, Malaise, Shortness of breath"
Infectious,Pneumonia,"Chest pain, Chills, Cough with phlegm, Difficulty breathing, Fever, Headache"
Infectious,Strep Throat,"Fever, Headache, Pain when swallowing, Severe sore throat, Swollen lymph nodes, Swollen tonsils, White patches on tonsils"
Musculoskeletal,Rheumatoid Arthritis,"Body aches, Chills, Fatigue, Fever, Joint pain, Joint stiffness (worse in morning), Swollen joints"
Urological,Kidney Stone,"Malaise, Nausea, Pain on urination, Pain that radiates to lower abdomen, Pink, red or brown urine, Severe pain in side and back"
Musculoskeletal,Ankle Sprain,"Ankle pain, Bruising, Inability to bear weight, Malaise, Swelling, Tenderness to touch"
Infectious,Influenza (Flu),"Body aches, Dry cough, High fever, Malaise, Runny nose, Sore throat"
Infectious,Gastroenteritis (Stomach Flu),"Chills, Diarrhea, Nausea, Stomach cramps, Vomiting"
Infectious,Pneumonia,"Chest pain, Chills, Cough with phlegm, Difficulty breathing, Dizziness, Fever, Headache"
Infectious,Pneumonia,"Chest pain, Chills, Cough with phlegm, Difficulty breathing, Fever, Weakness"
Chronic,Asthma,"Chest tightness, Coughing (especially at night), Fever, Loss of appetite, Shortness of breath, Wheezing"
Infectious,Gastroenteritis (Stomach Flu),"Diarrhea, Fatigue, Headache, Nausea, Stomach cramps, Vomiting"
Acute/Surgical,Appendicitis,"Abdominal swelling, Fatigue, Fever, Loss of appetite, Nausea, Pain in lower right abdomen, Vomiting"
Allergy,Allergic Rhinitis (Hay Fever),"Dizziness, Fever, Itchy, watery eyes, Nasal congestion, Runny nose, Sneezing"
Infectious,Strep Throat,"Fever, Pain when swallowing, Severe sore throat, Swollen lymph nodes, Swollen tonsils, Weakness, White patches on tonsils"
Infectious,Strep Throat,"Fever, Headache, Pain when swallowing, Severe sore throat, Swollen lymph nodes, Swollen tonsils, White patches on tonsils"
Musculoskeletal,Rheumatoid Arthritis,"Body aches, Fatigue, Fever, Joint pain, Joint stiffness (worse in morning), Swollen joints"
Urological,Kidney Stone,"Headache, Nausea, Pain on urination, Pain that radiates to lower abdomen, Pink, red or brown urine, Severe pain in side and back"
Infectious,COVID-19,"Dry cough, Fatigue, Fever, Headache, Loss of taste or smell, Shortness of breath"
Allergy,Allergic Rhinitis (Hay Fever),"Dizziness, Itchy, watery eyes, Nasal congestion, Runny nose, Sneezing"
Musculoskeletal,Ankle Sprain,"Ankle pain, Body aches, Bruising, Inability to bear weight, Swelling, Tenderness to touch"
Chronic,Asthma,"Body aches, Chest tightness, Chills, Coughing (especially at night), Dizziness, Shortness of breath, Wheezing"
Chronic,Hypertension,"Body aches, Chills, Dizziness, Headaches, Nosebleeds, Often asymptomatic, Shortness of breath"
Chronic,Asthma,"Chest tightness, Coughing (especially at night), Nausea, Shortness of breath, Wheezing"
Infectious,Pneumonia,"Body aches, Chest pain, Chills, Cough with phlegm, Difficulty breathing, Fever"
Infectious,Gastroenteritis (Stomach Flu),"Diarrhea, Dizziness, Loss of appetite, Nausea, Stomach cramps, Vomiting, Weakness"
Allergy,Allergic Rhinitis (Hay Fever),"Dizziness, Itchy, watery eyes, Nasal congestion, Runny nose, Sneezing"
Urological,Kidney Stone,"Dizziness, Loss of appetite, Nausea, Pain on urination, Pain that radiates to lower abdomen, Pink, red or brown urine, Severe pain in side and back"
Neurological,Migraine,"Chills, Fever, Nausea, Sensitivity to light, Sensitivity to sound, Severe throbbing headache, Visual aura, Vomiting"
Infectious,COVID-19,"Chills, Dizziness, Dry cough, Fatigue, Fever, Loss of taste or smell, Nausea, Shortness of breath"
Chronic,Asthma,"Chest tightness, Coughing (especially at night), Headache, Loss of appetite, Nausea, Shortness of breath, Wheezing"
Musculoskeletal,Ankle Sprain,"Ankle pain, Bruising, Fatigue, Inability to bear weight, Nausea, Swelling, Tenderness to touch"
Infectious,COVID-19,"Dry cough, Fatigue, Fever, Loss of appetite, Loss of taste or smell, Shortness of breath"
Infectious,Pneumonia,"Chest pain, Chills, Cough with phlegm, Difficulty breathing, Fever, Headache"
Acute/Surgical,Appendicitis,"Abdominal swelling, Dizziness, Fever, Loss of appetite, Nausea, Pain in lower right abdomen, Vomiting"
Neurological,Migraine,"Dizziness, Nausea, Sensitivity to light, Sensitivity to sound, Severe throbbing headache, Visual aura, Vomiting"
Infectious,Gastroenteritis (Stomach Flu),"Diarrhea, Fatigue, Headache, Nausea, Stomach cramps, Vomiting"
Musculoskeletal,Ankle Sprain,"Ankle pain, Bruising, Dizziness, Inability to bear weight, Swelling, Tenderness to touch"
Infectious,Gastroenteritis (Stomach Flu),"Diarrhea, Fever, Nausea, Stomach cramps, Vomiting"
Infectious,COVID-19,"Dry cough, Fatigue, Fever, Loss of taste or smell, Malaise, Shortness of breath, Weakness"
Infectious,Gastroenteritis (Stomach Flu),"Diarrhea, Fever, Malaise, Nausea, Stomach cramps, Vomiting"
Infectious,COVID-19,"Dizziness, Dry cough, Fatigue, Fever, Loss of appetite, Loss of taste or smell, Shortness of breath"
Infectious,Gastroenteritis (Stomach Flu),"Body aches, Diarrhea, Loss of appetite, Nausea, Stomach cramps, Vomiting, Weakness"
Infectious,Gastroenteritis (Stomach Flu),"Chills, Diarrhea, Malaise, Nausea, Stomach cramps, Vomiting"
Musculoskeletal,Rheumatoid Arthritis,"Body aches, Fatigue, Fever, Joint pain, Joint stiffness (worse in morning), Swollen joints"
Infectious,Strep Throat,"Fever, Headache, Pain when swallowing, Severe sore throat, Swollen lymph nodes, Swollen tonsils, White patches on tonsils"
Infectious,Gastroenteritis (Stomach Flu),"Chills, Diarrhea, Fatigue, Malaise, Nausea, Stomach cramps, Vomiting"
Infectious,COVID-19,"Chills, Dry cough, Fatigue, Fever, Loss of appetite, Loss of taste or smell, Malaise, Shortness of breath"
Chronic,Hypertension,"Dizziness, Headaches, Malaise, Nosebleeds, Often asymptomatic, Shortness of breath"
Allergy,Allergic Rhinitis (Hay Fever),"Body aches, Chills, Itchy, watery eyes, Nasal congestion, Runny nose, Sneezing"
Musculoskeletal,Rheumatoid Arthritis,"Dizziness, Fatigue, Fever, Joint pain, Joint stiffness (worse in morning), Swollen joints"
Infectious,COVID-19,"Dizziness, Dry cough, Fatigue, Fever, Loss of appetite, Loss of taste or smell, Shortness of breath"
Musculoskeletal,Rheumatoid Arthritis,"Dizziness, Fatigue, Fever, Joint pain, Joint stiffness (worse in morning), Swollen joints"
Infectious,Strep Throat,"Body aches, Fever, Malaise, Pain when swallowing, Severe sore throat, Swollen lymph nodes, Swollen tonsils, White patches on tonsils"
Infectious,Influenza (Flu),"Body aches, Dry cough, Headache, High fever, Nausea, Runny nose, Sore throat, Weakness"
Musculoskeletal,Rheumatoid Arthritis,"Fatigue, Fever, Headache, Joint pain, Joint stiffness (worse in morning), Loss of appetite, Swollen joints, Weakness"
Acute/Surgical,Appendicitis,"Abdominal swelling, Body aches, Fever, Loss of appetite, Nausea, Pain in lower right abdomen, Vomiting"
Infectious,Urinary Tract Infection (UTI),"Chills, Cloudy or strong-smelling urine, Frequent urination, Malaise, Pain or burning on urination, Pelvic pain"
Chronic,Asthma,"Chest tightness, Coughing (especially at night), Dizziness, Headache, Loss of appetite, Shortness of breath, Wheezing"
Infectious,Pneumonia,"Chest pain, Chills, Cough with phlegm, Difficulty breathing, Dizziness, Fatigue, Fever, Malaise"
Chronic,Asthma,"Chest tightness, Chills, Coughing (especially at night), Fatigue, Headache, Shortness of breath, Wheezing"
Neurological,Migraine,"Dizziness, Malaise, Nausea, Sensitivity to light, Sensitivity to sound, Severe throbbing headache, Visual aura, Vomiting"
Chronic,Asthma,"Body aches, Chest tightness, Chills, Coughing (especially at night), Fatigue, Shortness of breath, Wheezing"
Infectious,COVID-19,"Dry cough, Fatigue, Fever, Headache, Loss of taste or smell, Shortness of breath"
Acute/Surgical,Appendicitis,"Abdominal swelling, Fever, Loss of appetite, Nausea, Pain in lower right abdomen, Vomiting, Weakness"
Infectious,Strep Throat,"Body aches, Fatigue, Fever, Pain when swallowing, Severe sore throat, Swollen lymph nodes, Swollen tonsils, White patches on tonsils"
Infectious,Urinary Tract Infection (UTI),"Chills, Cloudy or strong-smelling urine, Frequent urination, Malaise, Pain or burning on urination, Pelvic pain"
Urological,Kidney Stone,"Malaise, Nausea, Pain on urination, Pain that radiates to lower abdomen, Pink, red or brown urine, Severe pain in side and back, Weakness"
Chronic,Hypertension,"Dizziness, Headaches, Loss of appetite, Nosebleeds, Often asymptomatic, Shortness of breath, Weakness"
Musculoskeletal,Ankle Sprain,"Ankle pain, Bruising, Dizziness, Headache, Inability to bear weight, Loss of appetite, Swelling, Tenderness to touch"
Urological,Kidney Stone,"Body aches, Dizziness, Fatigue, Nausea, Pain on urination, Pain that radiates to lower abdomen, Pink, red or brown urine, Severe pain in side and back"
Acute/Surgical,Appendicitis,"Abdominal swelling, Body aches, Fever, Loss of appetite, Nausea, Pain in lower right abdomen, Vomiting"
Chronic,Asthma,"Chest tightness, Coughing (especially at night), Loss of appetite, Shortness of breath, Weakness, Wheezing"
Chronic,Asthma,"Body aches, Chest tightness, Coughing (especially at night), Dizziness, Shortness of breath, Wheezing"
Chronic,Hypertension,"Body aches, Dizziness, Headaches, Nausea, Nosebleeds, Often asymptomatic, Shortness of breath"
Musculoskeletal,Rheumatoid Arthritis,"Fatigue, Fever, Joint pain, Joint stiffness (worse in morning), Loss of appetite, Swollen joints, Weakness"
Infectious,Strep Throat,"Dizziness, Fever, Malaise, Pain when swallowing, Severe sore throat, Swollen lymph nodes, Swollen tonsils, White patches on tonsils"
Neurological,Migraine,"Chills, Nausea, Sensitivity to light, Sensitivity to sound, Severe throbbing headache, Visual aura, Vomiting"
Infectious,COVID-19,"Dry cough, Fatigue, Fever, Loss of taste or smell, Shortness of breath, Weakness"
Chronic,Asthma,"Chest tightness, Coughing (especially at night), Dizziness, Nausea, Shortness of breath, Wheezing"
Infectious,Gastroenteritis (Stomach Flu),"Diarrhea, Malaise, Nausea, Stomach cramps, Vomiting"
Musculoskeletal,Tibial/Fibular Fracture,"Bruising, Fatigue, Inability to bear weight, Severe leg pain, Swelling, Visible deformity"
Musculoskeletal,Tibial/Fibular Fracture,"Bruising, Fever, Inability to bear weight, Loss of appetite, Malaise, Severe leg pain, Swelling, Visible deformity"
Acute/Surgical,Appendicitis,"Abdominal swelling, Fever, Loss of appetite, Nausea, Pain in lower right abdomen, Vomiting, Weakness"
Infectious,Urinary Tract Infection (UTI),"Cloudy or strong-smelling urine, Frequent urination, Headache, Malaise, Pain or burning on urination, Pelvic pain, Weakness"
Musculoskeletal,Ankle Sprain,"Ankle pain, Body aches, Bruising, Fever, Inability to bear weight, Swelling, Tenderness to touch"
Allergy,Allergic Rhinitis (Hay Fever),"Body aches, Headache, Itchy, watery eyes, Nasal congestion, Runny nose, Sneezing"
Infectious,COVID-19,"Dry cough, Fatigue, Fever, Loss of taste or smell, Nausea, Shortness of breath, Weakness"
Acute/Surgical,Appendicitis,"Abdominal swelling, Fever, Loss of appetite, Malaise, Nausea, Pain in lower right abdomen, Vomiting"
Musculoskeletal,Rheumatoid Arthritis,"Chills, Fatigue, Fever, Joint pain, Joint stiffness (worse in morning), Swollen joints, Weakness"
Neurological,Migraine,"Headache, Malaise, Nausea, Sensitivity to light, Sensitivity to sound, Severe throbbing headache, Visual aura, Vomiting"
Chronic,Asthma,"Body aches, Chest tightness, Coughing (especially at night), Headache, Nausea, Shortness of breath, Wheezing"
Musculoskeletal,Tibial/Fibular Fracture,"Bruising, Fever, Inability to bear weight, Loss of appetite, Severe leg pain, Swelling, Visible deformity, Weakness"
Acute/Surgical,Appendicitis,"Abdominal swelling, Fever, Loss of appetite, Nausea, Pain in lower right abdomen, Vomiting"
Musculoskeletal,Ankle Sprain,"Ankle pain, Bruising, Chills, Dizziness, Inability to bear weight, Swelling, Tenderness to touch"
Musculoskeletal,Ankle Sprain,"Ankle pain, Bruising, Headache, Inability to bear weight, Nausea, Swelling, Tenderness to touch"
Infectious,Strep Throat,"Chills, Dizziness, Fever, Nausea, Pain when swallowing, Severe sore throat, Swollen lymph nodes, Swollen tonsils, White patches on tonsils"
Infectious,Gastroenteritis (Stomach Flu),"Diarrhea, Fatigue, Nausea, Stomach cramps, Vomiting"
Neurological,Migraine,"Fatigue, Nausea, Sensitivity to light, Sensitivity to sound, Severe throbbing headache, Visual aura, Vomiting"
Chronic,Asthma,"Chest tightness, Coughing (especially at night), Dizziness, Fatigue, Headache, Shortness of breath, Wheezing"
Musculoskeletal,Ankle Sprain,"Ankle pain, Bruising, Headache, Inability to bear weight, Swelling, Tenderness to touch, Weakness"
Infectious,Gastroenteritis (Stomach Flu),"Diarrhea, Nausea, Stomach cramps, Vomiting, Weakness"
Infectious,Gastroenteritis (Stomach Flu),"Diarrhea, Fatigue, Nausea, Stomach cramps, Vomiting"
Musculoskeletal,Tibial/Fibular Fracture,"Bruising, Fatigue, Headache, Inability to bear weight, Malaise, Severe leg pain, Swelling, Visible deformity"
Infectious,Gastroenteritis (Stomach Flu),"Diarrhea, Fatigue, Fever, Nausea, Stomach cramps, Vomiting, Weakness"
Infectious,Strep Throat,"Fatigue, Fever, Headache, Pain when swallowing, Severe sore throat, Swollen lymph nodes, Swollen tonsils, Weakness, White patches on tonsils"
Infectious,Influenza (Flu),"Body aches, Chills, Dry cough, Headache, High fever, Runny nose, Sore throat, Weakness"
Infectious,Gastroenteritis (Stomach Flu),"Body aches, Diarrhea, Nausea, Stomach cramps, Vomiting"
Chronic,Asthma,"Body aches, Chest tightness, Coughing (especially at night), Fatigue, Shortness of breath, Wheezing"
Infectious,Urinary Tract Infection (UTI),"Cloudy or strong-smelling urine, Dizziness, Fatigue, Frequent urination, Loss of appetite, Pain or burning on urination, Pelvic pain"
Musculoskeletal,Ankle Sprain,"Ankle pain, Bruising, Fever, Inability to bear weight, Malaise, Swelling, Tenderness to touch"
Infectious,Urinary Tract Infection (UTI),"Cloudy or strong-smelling urine, Frequent urination, Headache, Loss of appetite, Malaise, Pain or burning on urination, Pelvic pain"
Infectious,COVID-19,"Chills, Dry cough, Fatigue, Fever, Headache, Loss of taste or smell, Shortness of breath"
Allergy,Allergic Rhinitis (Hay Fever),"Dizziness, Fatigue, Headache, Itchy, watery eyes, Nasal congestion, Runny nose, Sneezing"
Infectious,Urinary Tract Infection (UTI),"Cloudy or strong-smelling urine, Dizziness, Frequent urination, Loss of appetite, Pain or burning on urination, Pelvic pain"
Infectious,Pneumonia,"Chest pain, Chills, Cough with phlegm, Difficulty breathing, Fever, Loss of appetite"
Infectious,Urinary Tract Infection (UTI),"Body aches, Cloudy or strong-smelling urine, Dizziness, Frequent urination, Pain or burning on urination, Pelvic pain"
Acute/Surgical,Appendicitis,"Abdominal swelling, Chills, Dizziness, Fever, Headache, Loss of appetite, Nausea, Pain in lower right abdomen, Vomiting"
Infectious,Gastroenteritis (Stomach Flu),"Diarrhea, Malaise, Nausea, Stomach cramps, Vomiting"
Acute/Surgical,Appendicitis,"Abdominal swelling, Fever, Headache, Loss of appetite, Nausea, Pain in lower right abdomen, Vomiting"
Urological,Kidney Stone,"Nausea, Pain on urination, Pain that radiates to lower abdomen, Pink, red or brown urine, Severe pain in side and back"
Infectious,Gastroenteritis (Stomach Flu),"Body aches, Diarrhea, Loss of appetite, Malaise, Nausea, Stomach cramps, Vomiting"
Infectious,COVID-19,"Dry cough, Fatigue, Fever, Loss of appetite, Loss of taste or smell, Malaise, Shortness of breath"
Infectious,Pneumonia,"Chest pain, Chills, Cough with phlegm, Difficulty breathing, Fever, Nausea"
Neurological,Migraine,"Body aches, Dizziness, Fatigue, Nausea, Sensitivity to light, Sensitivity to sound, Severe throbbing headache, Visual aura, Vomiting"
Musculoskeletal,Ankle Sprain,"Ankle pain, Bruising, Headache, Inability to bear weight, Nausea, Swelling, Tenderness to touch"
Chronic,Asthma,"Chest tightness, Coughing (especially at night), Dizziness, Shortness of breath, Wheezing"
Infectious,Urinary Tract Infection (UTI),"Cloudy or strong-smelling urine, Fatigue, Frequent urination, Nausea, Pain or burning on urination, Pelvic pain"
Musculoskeletal,Ankle Sprain,"Ankle pain, Body aches, Bruising, Fever, Headache, Inability to bear weight, Swelling, Tenderness to touch"
Infectious,Gastroenteritis (Stomach Flu),"Chills, Diarrhea, Nausea, Stomach cramps, Vomiting"
Musculoskeletal,Ankle Sprain,"Ankle pain, Body aches, Bruising, Fever, Inability to bear weight, Swelling, Tenderness to touch"
Musculoskeletal,Rheumatoid Arthritis,"Fatigue, Fever, Joint pain, Joint stiffness (worse in morning), Loss of appetite, Swollen joints, Weakness"
Musculoskeletal,Rheumatoid Arthritis,"Chills, Fatigue, Fever, Joint pain, Joint stiffness (worse in morning), Loss of appetite, Swollen joints, Weakness"
Musculoskeletal,Ankle Sprain,"Ankle pain, Bruising, Headache, Inability to bear weight, Loss of appetite, Swelling, Tenderness to touch"
Musculoskeletal,Rheumatoid Arthritis,"Body aches, Fatigue, Fever, Joint pain, Joint stiffness (worse in morning), Nausea, Swollen joints"
Musculoskeletal,Rheumatoid Arthritis,"Fatigue, Fever, Joint pain, Joint stiffness (worse in morning), Swollen joints, Weakness"
Acute/Surgical,Appendicitis,"Abdominal swelling, Chills, Fever, Loss of appetite, Nausea, Pain in lower right abdomen, Vomiting"
Infectious,Urinary Tract Infection (UTI),"Cloudy or strong-smelling urine, Dizziness, Frequent urination, Loss of appetite, Malaise, Pain or burning on urination, Pelvic pain"
Infectious,Influenza (Flu),"Body aches, Dry cough, Fever, High fever, Loss of appetite, Nausea, Runny nose, Sore throat"
Infectious,Urinary Tract Infection (UTI),"Cloudy or strong-smelling urine, Frequent urination, Headache, Pain or burning on urination, Pelvic pain"
Infectious,Influenza (Flu),"Body aches, Dry cough, Fatigue, Headache, High fever, Runny nose, Sore throat"
Musculoskeletal,Tibial/Fibular Fracture,"Body aches, Bruising, Inability to bear weight, Severe leg pain, Swelling, Visible deformity"
Infectious,Gastroenteritis (Stomach Flu),"Body aches, Diarrhea, Fever, Nausea, Stomach cramps, Vomiting, Weakness"
Urological,Kidney Stone,"Headache, Nausea, Pain on urination, Pain that radiates to lower abdomen, Pink, red or brown urine, Severe pain in side and back"
Infectious,Pneumonia,"Chest pain, Chills, Cough with phlegm, Difficulty breathing, Fatigue, Fever"
Infectious,Pneumonia,"Body aches, Chest pain, Chills, Cough with phlegm, Difficulty breathing, Dizziness, Fever, Malaise"
Neurological,Migraine,"Fatigue, Loss of appetite, Nausea, Sensitivity to light, Sensitivity to sound, Severe throbbing headache, Visual aura, Vomiting"
Infectious,Pneumonia,"Chest pain, Chills, Cough with phlegm, Difficulty breathing, Fever, Nausea"
Neurological,Migraine,"Dizziness, Nausea, Sensitivity to light, Sensitivity to sound, Severe throbbing headache, Visual aura, Vomiting"
Infectious,Gastroenteritis (Stomach Flu),"Diarrhea, Fever, Nausea, Stomach cramps, Vomiting"
Infectious,COVID-19,"Dizziness, Dry cough, Fatigue, Fever, Headache, Loss of taste or smell, Shortness of breath"
Neurological,Migraine,"Headache, Nausea, Sensitivity to light, Sensitivity to sound, Severe throbbing headache, Visual aura, Vomiting"
Musculoskeletal,Ankle Sprain,"Ankle pain, Body aches, Bruising, Inability to bear weight, Nausea, Swelling, Tenderness to touch, Weakness"
Infectious,Gastroenteritis (Stomach Flu),"Diarrhea, Dizziness, Nausea, Stomach cramps, Vomiting"
Urological,Kidney Stone,"Body aches, Nausea, Pain on urination, Pain that radiates to lower abdomen, Pink, red or brown urine, Severe pain in side and back"
Allergy,Allergic Rhinitis (Hay Fever),"Fatigue, Itchy, watery eyes, Loss of appetite, Nasal congestion, Nausea, Runny nose, Sneezing"
Musculoskeletal,Rheumatoid Arthritis,"Body aches, Fatigue, Fever, Joint pain, Joint stiffness (worse in morning), Nausea, Swollen joints"
Chronic,Type 2 Diabetes,"Blurry vision, Dizziness, Excessive thirst, Frequent urination, Increased hunger, Loss of appetite, Nausea, Slow-healing sores, Unexplained weight loss"
Infectious,Influenza (Flu),"Body aches, Dry cough, High fever, Runny nose, Sore throat"
Infectious,Urinary Tract Infection (UTI),"Cloudy or strong-smelling urine, Frequent urination, Pain or burning on urination, Pelvic pain, Weakness"
Infectious,Strep Throat,"Fatigue, Fever, Loss of appetite, Nausea, Pain when swallowing, Severe sore throat, Swollen lymph nodes, Swollen tonsils, White patches on tonsils"
Neurological,Migraine,"Dizziness, Loss of appetite, Nausea, Sensitivity to light, Sensitivity to sound, Severe throbbing headache, Visual aura, Vomiting"
Infectious,Strep Throat,"Fever, Headache, Pain when swallowing, Severe sore throat, Swollen lymph nodes, Swollen tonsils, Weakness, White patches on tonsils"
Infectious,Urinary Tract Infection (UTI),"Body aches, Cloudy or strong-smelling urine, Frequent urination, Malaise, Pain or burning on urination, Pelvic pain"
Musculoskeletal,Ankle Sprain,"Ankle pain, Bruising, Fever, Inability to bear weight, Loss of appetite, Swelling, Tenderness to touch"
Urological,Kidney Stone,"Chills, Nausea, Pain on urination, Pain that radiates to lower abdomen, Pink, red or brown urine, Severe pain in side and back"
Infectious,Influenza (Flu),"Body aches, Chills, Dry cough, High fever, Runny nose, Sore throat"
Allergy,Allergic Rhinitis (Hay Fever),"Dizziness, Fatigue, Itchy, watery eyes, Nasal congestion, Runny nose, Sneezing"
Neurological,Migraine,"Chills, Nausea, Sensitivity to light, Sensitivity to sound, Severe throbbing headache, Visual aura, Vomiting"
Musculoskeletal,Ankle Sprain,"Ankle pain, Body aches, Bruising, Fever, Inability to bear weight, Swelling, Tenderness to touch"
Musculoskeletal,Ankle Sprain,"Ankle pain, Bruising, Chills, Fever, Inability to bear weight, Loss of appetite, Swelling, Tenderness to touch"
Urological,Kidney Stone,"Fever, Nausea, Pain on urination, Pain that radiates to lower abdomen, Pink, red or brown urine, Severe pain in side and back"
Infectious,COVID-19,"Dry cough, Fatigue, Fever, Loss of appetite, Loss of taste or smell, Shortness of breath"
Infectious,Influenza (Flu),"Body aches, Dry cough, Headache, High fever, Runny nose, Sore throat"
Infectious,COVID-19,"Dizziness, Dry cough, Fatigue, Fever, Headache, Loss of appetite, Loss of taste or smell, Shortness of breath"
Infectious,Strep Throat,"Fever, Headache, Pain when swallowing, Severe sore throat, Swollen lymph nodes, Swollen tonsils, White patches on tonsils"
Infectious,Gastroenteritis (Stomach Flu),"Diarrhea, Dizziness, Fever, Headache, Nausea, Stomach cramps, Vomiting"
Musculoskeletal,Ankle Sprain,"Ankle pain, Bruising, Fever, Inability to bear weight, Loss of appetite, Swelling, Tenderness to touch"
Infectious,Urinary Tract Infection (UTI),"Cloudy or strong-smelling urine, Dizziness, Fever, Frequent urination, Pain or burning on urination, Pelvic pain, Weakness"
Urological,Kidney Stone,"Fever, Malaise, Nausea, Pain on urination, Pain that radiates to lower abdomen, Pink, red or brown urine, Severe pain in side and back, Weakness"
Acute/Surgical,Appendicitis,"Abdominal swelling, Chills, Dizziness, Fever, Loss of appetite, Nausea, Pain in lower right abdomen, Vomiting"
Infectious,Urinary Tract Infection (UTI),"Chills, Cloudy or strong-smelling urine, Dizziness, Frequent urination, Pain or burning on urination, Pelvic pain"
Chronic,Hypertension,"Dizziness, Fever, Headaches, Loss of appetite, Nosebleeds, Often asymptomatic, Shortness of breath"
Musculoskeletal,Ankle Sprain,"Ankle pain, Bruising, Fatigue, Inability to bear weight, Swelling, Tenderness to touch"
Neurological,Migraine,"Fatigue, Nausea, Sensitivity to light, Sensitivity to sound, Severe throbbing headache, Visual aura, Vomiting"
Urological,Kidney Stone,"Body aches, Fever, Nausea, Pain on urination, Pain that radiates to lower abdomen, Pink, red or brown urine, Severe pain in side and back"
Urological,Kidney Stone,"Headache, Nausea, Pain on urination, Pain that radiates to lower abdomen, Pink, red or brown urine, Severe pain in side and back"
Chronic,Type 2 Diabetes,"Blurry vision, Dizziness, Excessive thirst, Fever, Frequent urination, Increased hunger, Slow-healing sores, Unexplained weight loss"
Chronic,Type 2 Diabetes,"Blurry vision, Excessive thirst, Fever, Frequent urination, Increased hunger, Nausea, Slow-healing sores, Unexplained weight loss"
Infectious,Urinary Tract Infection (UTI),"Chills, Cloudy or strong-smelling urine, Frequent urination, Pain or burning on urination, Pelvic pain"
Infectious,Urinary Tract Infection (UTI),"Cloudy or strong-smelling urine, Frequent urination, Nausea, Pain or burning on urination, Pelvic pain"
Chronic,Type 2 Diabetes,"Blurry vision, Excessive thirst, Frequent urination, Increased hunger, Malaise, Slow-healing sores, Unexplained weight loss"
Infectious,Urinary Tract Infection (UTI),"Cloudy or strong-smelling urine, Frequent urination, Malaise, Pain or burning on urination, Pelvic pain"
Acute/Surgical,Appendicitis,"Abdominal swelling, Dizziness, Fever, Loss of appetite, Malaise, Nausea, Pain in lower right abdomen, Vomiting, Weakness"
Infectious,Gastroenteritis (Stomach Flu),"Diarrhea, Fatigue, Nausea, Stomach cramps, Vomiting"
Urological,Kidney Stone,"Fever, Headache, Nausea, Pain on urination, Pain that radiates to lower abdomen, Pink, red or brown urine, Severe pain in side and back"
Infectious,Gastroenteritis (Stomach Flu),"Diarrhea, Fever, Nausea, Stomach cramps, Vomiting"
Infectious,Pneumonia,"Chest pain, Chills, Cough with phlegm, Difficulty breathing, Dizziness, Fatigue, Fever"
Infectious,Urinary Tract Infection (UTI),"Cloudy or strong-smelling urine, Fever, Frequent urination, Pain or burning on urination, Pelvic pain"
Infectious,COVID-19,"Dry cough, Fatigue, Fever, Loss of taste or smell, Malaise, Shortness of breath"
Neurological,Migraine,"Fatigue, Nausea, Sensitivity to light, Sensitivity to sound, Severe throbbing headache, Visual aura, Vomiting"
Musculoskeletal,Rheumatoid Arthritis,"Fatigue, Fever, Joint pain, Joint stiffness (worse in morning), Loss of appetite, Swollen joints, Weakness"
Infectious,Urinary Tract Infection (UTI),"Cloudy or strong-smelling urine, Dizziness, Frequent urination, Loss of appetite, Nausea, Pain or burning on urination, Pelvic pain"
Musculoskeletal,Rheumatoid Arthritis,"Chills, Dizziness, Fatigue, Fever, Headache, Joint pain, Joint stiffness (worse in morning), Swollen joints"
Chronic,Type 2 Diabetes,"Blurry vision, Excessive thirst, Fever, Frequent urination, Headache, Increased hunger, Slow-healing sores, Unexplained weight loss"
Infectious,Strep Throat,"Dizziness, Fever, Pain when swallowing, Severe sore throat, Swollen lymph nodes, Swollen tonsils, White patches on tonsils"
Musculoskeletal,Tibial/Fibular Fracture,"Bruising, Fatigue, Inability to bear weight, Loss of appetite, Severe leg pain, Swelling, Visible deformity"
Infectious,Strep Throat,"Chills, Fever, Loss of appetite, Pain when swallowing, Severe sore throat, Swollen lymph nodes, Swollen tonsils, White patches on tonsils"
Infectious,Urinary Tract Infection (UTI),"Chills, Cloudy or strong-smelling urine, Frequent urination, Malaise, Pain or burning on urination, Pelvic pain, Weakness"
Chronic,Type 2 Diabetes,"Blurry vision, Dizziness, Excessive thirst, Frequent urination, Headache, Increased hunger, Malaise, Slow-healing sores, Unexplained weight loss"
Allergy,Allergic Rhinitis (Hay Fever),"Fatigue, Fever, Itchy, watery eyes, Loss of appetite, Nasal congestion, Runny nose, Sneezing"
Musculoskeletal,Rheumatoid Arthritis,"Body aches, Fatigue, Fever, Joint pain, Joint stiffness (worse in morning), Swollen joints"
Infectious,Gastroenteritis (Stomach Flu),"Chills, Diarrhea, Fever, Headache, Nausea, Stomach cramps, Vomiting"
Urological,Kidney Stone,"Chills, Fatigue, Nausea, Pain on urination, Pain that radiates to lower abdomen, Pink, red or brown urine, Severe pain in side and back"
Chronic,Hypertension,"Dizziness, Fatigue, Headache, Headaches, Loss of appetite, Nosebleeds, Often asymptomatic, Shortness of breath"
Neurological,Migraine,"Fatigue, Nausea, Sensitivity to light, Sensitivity to sound, Severe throbbing headache, Visual aura, Vomiting"
Chronic,Type 2 Diabetes,"Blurry vision, Excessive thirst, Frequent urination, Increased hunger, Malaise, Slow-healing sores, Unexplained weight loss"
Chronic,Type 2 Diabetes,"Blurry vision, Excessive thirst, Fever, Frequent urination, Increased hunger, Slow-healing sores, Unexplained weight loss"
Urological,Kidney Stone,"Fatigue, Nausea, Pain on urination, Pain that radiates to lower abdomen, Pink, red or brown urine, Severe pain in side and back"
Urological,Kidney Stone,"Body aches, Dizziness, Nausea, Pain on urination, Pain that radiates to lower abdomen, Pink, red or brown urine, Severe pain in side and back"
Chronic,Hypertension,"Dizziness, Headaches, Malaise, Nosebleeds, Often asymptomatic, Shortness of breath"
Infectious,COVID-19,"Body aches, Chills, Dry cough, Fatigue, Fever, Loss of appetite, Loss of taste or smell, Shortness of breath"
Infectious,COVID-19,"Dry cough, Fatigue, Fever, Loss of appetite, Loss of taste or smell, Shortness of breath, Weakness"
Infectious,COVID-19,"Chills, Dizziness, Dry cough, Fatigue, Fever, Loss of taste or smell, Shortness of breath"
Chronic,Asthma,"Chest tightness, Coughing (especially at night), Shortness of breath, Weakness, Wheezing"
Musculoskeletal,Rheumatoid Arthritis,"Fatigue, Fever, Joint pain, Joint stiffness (worse in morning), Swollen joints, Weakness"
Musculoskeletal,Rheumatoid Arthritis,"Fatigue, Fever, Joint pain, Joint stiffness (worse in morning), Swollen joints"
Musculoskeletal,Ankle Sprain,"Ankle pain, Bruising, Chills, Inability to bear weight, Swelling, Tenderness to touch"
Chronic,Hypertension,"Chills, Dizziness, Headaches, Malaise, Nosebleeds, Often asymptomatic, Shortness of breath"
Chronic,Hypertension,"Dizziness, Fever, Headache, Headaches, Nosebleeds, Often asymptomatic, Shortness of breath, Weakness"
Acute/Surgical,Appendicitis,"Abdominal swelling, Fever, Loss of appetite, Malaise, Nausea, Pain in lower right abdomen, Vomiting"
Infectious,Pneumonia,"Body aches, Chest pain, Chills, Cough with phlegm, Difficulty breathing, Fever"
Musculoskeletal,Ankle Sprain,"Ankle pain, Bruising, Inability to bear weight, Nausea, Swelling, Tenderness to touch, Weakness"
Musculoskeletal,Ankle Sprain,"Ankle pain, Bruising, Dizziness, Inability to bear weight, Malaise, Nausea, Swelling, Tenderness to touch"
Infectious,Strep Throat,"Body aches, Dizziness, Fever, Pain when swallowing, Severe sore throat, Swollen lymph nodes, Swollen tonsils, White patches on tonsils"
Musculoskeletal,Ankle Sprain,"Ankle pain, Bruising, Chills, Inability to bear weight, Loss of appetite, Swelling, Tenderness to touch"
Chronic,Asthma,"Chest tightness, Chills, Coughing (especially at night), Fatigue, Headache, Shortness of breath, Wheezing"
Infectious,Strep Throat,"Fatigue, Fever, Pain when swallowing, Severe sore throat, Swollen lymph nodes, Swollen tonsils, White patches on tonsils"
Musculoskeletal,Ankle Sprain,"Ankle pain, Bruising, Chills, Inability to bear weight, Swelling, Tenderness to touch"
Acute/Surgical,Appendicitis,"Abdominal swelling, Body aches, Fever, Loss of appetite, Nausea, Pain in lower right abdomen, Vomiting"
Musculoskeletal,Tibial/Fibular Fracture,"Body aches, Bruising, Chills, Inability to bear weight, Severe leg pain, Swelling, Visible deformity"
Musculoskeletal,Ankle Sprain,"Ankle pain, Bruising, Headache, Inability to bear weight, Swelling, Tenderness to touch"
Infectious,Urinary Tract Infection (UTI),"Cloudy or strong-smelling urine, Frequent urination, Headache, Pain or burning on urination, Pelvic pain"
Chronic,Type 2 Diabetes,"Blurry vision, Excessive thirst, Frequent urination, Increased hunger, Loss of appetite, Malaise, Slow-healing sores, Unexplained weight loss"
Chronic,Hypertension,"Dizziness, Fever, Headaches, Malaise, Nausea, Nosebleeds, Often asymptomatic, Shortness of breath"
Infectious,COVID-19,"Dizziness, Dry cough, Fatigue, Fever, Headache, Loss of taste or smell, Malaise, Shortness of breath"
Neurological,Migraine,"Chills, Nausea, Sensitivity to light, Sensitivity to sound, Severe throbbing headache, Visual aura, Vomiting"
Urological,Kidney Stone,"Nausea, Pain on urination, Pain that radiates to lower abdomen, Pink, red or brown urine, Severe pain in side and back, Weakness"
Infectious,COVID-19,"Dry cough, Fatigue, Fever, Headache, Loss of appetite, Loss of taste or smell, Shortness of breath, Weakness"
Allergy,Allergic Rhinitis (Hay Fever),"Chills, Dizziness, Itchy, watery eyes, Nasal congestion, Runny nose, Sneezing, Weakness"
Allergy,Allergic Rhinitis (Hay Fever),"Body aches, Chills, Itchy, watery eyes, Nasal congestion, Nausea, Runny nose, Sneezing"
Neurological,Migraine,"Headache, Loss of appetite, Nausea, Sensitivity to light, Sensitivity to sound, Severe throbbing headache, Visual aura, Vomiting, Weakness"
Infectious,Urinary Tract Infection (UTI),"Chills, Cloudy or strong-smelling urine, Frequent urination, Nausea, Pain or burning on urination, Pelvic pain, Weakness"
Allergy,Allergic Rhinitis (Hay Fever),"Body aches, Itchy, watery eyes, Malaise, Nasal congestion, Runny nose, Sneezing, Weakness"
Musculoskeletal,Tibial/Fibular Fracture,"Bruising, Dizziness, Inability to bear weight, Severe leg pain, Swelling, Visible deformity"
Neurological,Migraine,"Body aches, Headache, Nausea, Sensitivity to light, Sensitivity to sound, Severe throbbing headache, Visual aura, Vomiting"
Infectious,Strep Throat,"Fever, Headache, Loss of appetite, Pain when swallowing, Severe sore throat, Swollen lymph nodes, Swollen tonsils, White patches on tonsils"
Musculoskeletal,Tibial/Fibular Fracture,"Bruising, Dizziness, Headache, Inability to bear weight, Severe leg pain, Swelling, Visible deformity, Weakness"
Infectious,Gastroenteritis (Stomach Flu),"Diarrhea, Fever, Nausea, Stomach cramps, Vomiting, Weakness"
Urological,Kidney Stone,"Nausea, Pain on urination, Pain that radiates to lower abdomen, Pink, red or brown urine, Severe pain in side and back, Weakness"
Infectious,Urinary Tract Infection (UTI),"Cloudy or strong-smelling urine, Fatigue, Fever, Frequent urination, Loss of appetite, Pain or burning on urination, Pelvic pain"
Urological,Kidney Stone,"Body aches, Headache, Loss of appetite, Nausea, Pain on urination, Pain that radiates to lower abdomen, Pink, red or brown urine, Severe pain in side and back"
Acute/Surgical,Appendicitis,"Abdominal swelling, Fever, Headache, Loss of appetite, Nausea, Pain in lower right abdomen, Vomiting"
Chronic,Type 2 Diabetes,"Blurry vision, Body aches, Chills, Excessive thirst, Frequent urination, Increased hunger, Slow-healing sores, Unexplained weight loss"
Infectious,Influenza (Flu),"Body aches, Dry cough, High fever, Nausea, Runny nose, Sore throat"
Infectious,Urinary Tract Infection (UTI),"Cloudy or strong-smelling urine, Dizziness, Fatigue, Frequent urination, Pain or burning on urination, Pelvic pain"
Infectious,Strep Throat,"Fever, Malaise, Pain when swallowing, Severe sore throat, Swollen lymph nodes, Swollen tonsils, White patches on tonsils"
Neurological,Migraine,"Dizziness, Nausea, Sensitivity to light, Sensitivity to sound, Severe throbbing headache, Visual aura, Vomiting"
Infectious,Pneumonia,"Chest pain, Chills, Cough with phlegm, Difficulty breathing, Fever, Loss of appetite, Malaise, Nausea"
Allergy,Allergic Rhinitis (Hay Fever),"Chills, Itchy, watery eyes, Nasal congestion, Runny nose, Sneezing"
Infectious,Pneumonia,"Chest pain, Chills, Cough with phlegm, Difficulty breathing, Fever, Nausea"
Acute/Surgical,Appendicitis,"Abdominal swelling, Chills, Fever, Loss of appetite, Nausea, Pain in lower right abdomen, Vomiting"
Infectious,Influenza (Flu),"Body aches, Dry cough, Fever, High fever, Loss of appetite, Malaise, Runny nose, Sore throat"
Infectious,COVID-19,"Dizziness, Dry cough, Fatigue, Fever, Headache, Loss of taste or smell, Malaise, Shortness of breath"
Urological,Kidney Stone,"Body aches, Dizziness, Nausea, Pain on urination, Pain that radiates to lower abdomen, Pink, red or brown urine, Severe pain in side and back"
Allergy,Allergic Rhinitis (Hay Fever),"Body aches, Itchy, watery eyes, Nasal congestion, Runny nose, Sneezing"
Infectious,Influenza (Flu),"Body aches, Dry cough, Fatigue, High fever, Runny nose, Sore throat"
Acute/Surgical,Appendicitis,"Abdominal swelling, Dizziness, Fever, Loss of appetite, Malaise, Nausea, Pain in lower right abdomen, Vomiting"
Musculoskeletal,Rheumatoid Arthritis,"Chills, Fatigue, Fever, Headache, Joint pain, Joint stiffness (worse in morning), Swollen joints"
Infectious,COVID-19,"Dry cough, Fatigue, Fever, Headache, Loss of taste or smell, Malaise, Nausea, Shortness of breath"
Musculoskeletal,Rheumatoid Arthritis,"Fatigue, Fever, Joint pain, Joint stiffness (worse in morning), Loss of appetite, Malaise, Swollen joints"
Infectious,Influenza (Flu),"Body aches, Chills, Dry cough, High fever, Runny nose, Sore throat"
Infectious,Strep Throat,"Fever, Headache, Nausea, Pain when swallowing, Severe sore throat, Swollen lymph nodes, Swollen tonsils, White patches on tonsils"
Infectious,Urinary Tract Infection (UTI),"Body aches, Cloudy or strong-smelling urine, Frequent urination, Headache, Pain or burning on urination, Pelvic pain"
Neurological,Migraine,"Fever, Nausea, Sensitivity to light, Sensitivity to sound, Severe throbbing headache, Visual aura, Vomiting"
Chronic,Type 2 Diabetes,"Blurry vision, Chills, Excessive thirst, Fever, Frequent urination, Increased hunger, Malaise, Slow-healing sores, Unexplained weight loss"
Infectious,COVID-19,"Chills, Dry cough, Fatigue, Fever, Loss of appetite, Loss of taste or smell, Shortness of breath"
Infectious,Pneumonia,"Chest pain, Chills, Cough with phlegm, Difficulty breathing, Fever, Malaise, Nausea"
Neurological,Migraine,"Dizziness, Nausea, Sensitivity to light, Sensitivity to sound, Severe throbbing headache, Visual aura, Vomiting"
Musculoskeletal,Ankle Sprain,"Ankle pain, Body aches, Bruising, Fatigue, Fever, Inability to bear weight, Swelling, Tenderness to touch"
Chronic,Type 2 Diabetes,"Blurry vision, Excessive thirst, Frequent urination, Increased hunger, Malaise, Slow-healing sores, Unexplained weight loss"
Infectious,Strep Throat,"Body aches, Fever, Headache, Malaise, Pain when swallowing, Severe sore throat, Swollen lymph nodes, Swollen tonsils, White patches on tonsils"
Chronic,Type 2 Diabetes,"Blurry vision, Excessive thirst, Fatigue, Frequent urination, Increased hunger, Loss of appetite, Malaise, Slow-healing sores, Unexplained weight loss"
Infectious,Pneumonia,"Chest pain, Chills, Cough with phlegm, Difficulty breathing, Fatigue, Fever"
Urological,Kidney Stone,"Chills, Dizziness, Nausea, Pain on urination, Pain that radiates to lower abdomen, Pink, red or brown urine, Severe pain in side and back"
Neurological,Migraine,"Body aches, Chills, Malaise, Nausea, Sensitivity to light, Sensitivity to sound, Severe throbbing headache, Visual aura, Vomiting"
Allergy,Allergic Rhinitis (Hay Fever),"Chills, Itchy, watery eyes, Malaise, Nasal congestion, Runny nose, Sneezing"
Musculoskeletal,Ankle Sprain,"Ankle pain, Bruising, Fatigue, Inability to bear weight, Loss of appetite, Swelling, Tenderness to touch"
Urological,Kidney Stone,"Fatigue, Loss of appetite, Nausea, Pain on urination, Pain that radiates to lower abdomen, Pink, red or brown urine, Severe pain in side and back"
Chronic,Type 2 Diabetes,"Blurry vision, Dizziness, Excessive thirst, Frequent urination, Increased hunger, Slow-healing sores, Unexplained weight loss"
Infectious,Gastroenteritis (Stomach Flu),"Diarrhea, Fever, Headache, Nausea, Stomach cramps, Vomiting"
Infectious,Influenza (Flu),"Body aches, Chills, Dry cough, High fever, Runny nose, Sore throat, Weakness"
Chronic,Hypertension,"Dizziness, Headaches, Malaise, Nosebleeds, Often asymptomatic, Shortness of breath, Weakness"
Infectious,Urinary Tract Infection (UTI),"Cloudy or strong-smelling urine, Dizziness, Fever, Frequent urination, Pain or burning on urination, Pelvic pain"
Infectious,Influenza (Flu),"Body aches, Dry cough, High fever, Loss of appetite, Malaise, Runny nose, Sore throat"
Infectious,Urinary Tract Infection (UTI),"Chills, Cloudy or strong-smelling urine, Frequent urination, Headache, Pain or burning on urination, Pelvic pain"
Infectious,COVID-19,"Dry cough, Fatigue, Fever, Loss of taste or smell, Shortness of breath"
Infectious,Urinary Tract Infection (UTI),"Cloudy or strong-smelling urine, Fever, Frequent urination, Nausea, Pain or burning on urination, Pelvic pain"
Musculoskeletal,Ankle Sprain,"Ankle pain, Body aches, Bruising, Chills, Fatigue, Inability to bear weight, Swelling, Tenderness to touch"
Chronic,Type 2 Diabetes,"Blurry vision, Excessive thirst, Frequent urination, Increased hunger, Nausea, Slow-healing sores, Unexplained weight loss"
Infectious,Strep Throat,"Fever, Loss of appetite, Pain when swallowing, Severe sore throat, Swollen lymph nodes, Swollen tonsils, White patches on tonsils"
Chronic,Hypertension,"Dizziness, Fatigue, Headaches, Nosebleeds, Often asymptomatic, Shortness of breath"
Musculoskeletal,Ankle Sprain,"Ankle pain, Bruising, Inability to bear weight, Malaise, Swelling, Tenderness to touch, Weakness"
Infectious,Influenza (Flu),"Body aches, Dry cough, Fever, Headache, High fever, Runny nose, Sore throat"
Infectious,Influenza (Flu),"Body aches, Dry cough, Fever, High fever, Loss of appetite, Runny nose, Sore throat"
Infectious,COVID-19,"Dry cough, Fatigue, Fever, Loss of taste or smell, Malaise, Shortness of breath, Weakness"
Musculoskeletal,Rheumatoid Arthritis,"Fatigue, Fever, Joint pain, Joint stiffness (worse in morning), Swollen joints"
Infectious,Pneumonia,"Chest pain, Chills, Cough with phlegm, Difficulty breathing, Fever, Nausea, Weakness"
Infectious,Strep Throat,"Body aches, Fever, Pain when swallowing, Severe sore throat, Swollen lymph nodes, Swollen tonsils, White patches on tonsils"
Infectious,Influenza (Flu),"Body aches, Dry cough, High fever, Malaise, Runny nose, Sore throat"
Musculoskeletal,Tibial/Fibular Fracture,"Bruising, Fatigue, Inability to bear weight, Loss of appetite, Malaise, Severe leg pain, Swelling, Visible deformity"
Musculoskeletal,Ankle Sprain,"Ankle pain, Bruising, Fever, Inability to bear weight, Malaise, Nausea, Swelling, Tenderness to touch"
Chronic,Hypertension,"Dizziness, Headaches, Loss of appetite, Nosebleeds, Often asymptomatic, Shortness of breath, Weakness"
Infectious,Strep Throat,"Fatigue, Fever, Nausea, Pain when swallowing, Severe sore throat, Swollen lymph nodes, Swollen tonsils, White patches on tonsils"
Infectious,Influenza (Flu),"Body aches, Chills, Dry cough, High fever, Runny nose, Sore throat, Weakness"
Chronic,Type 2 Diabetes,"Blurry vision, Excessive thirst, Fever, Frequent urination, Increased hunger, Loss of appetite, Slow-healing sores, Unexplained weight loss, Weakness"
Musculoskeletal,Rheumatoid Arthritis,"Fatigue, Fever, Joint pain, Joint stiffness (worse in morning), Loss of appetite, Malaise, Nausea, Swollen joints"
Musculoskeletal,Rheumatoid Arthritis,"Fatigue, Fever, Headache, Joint pain, Joint stiffness (worse in morning), Swollen joints, Weakness"
Neurological,Migraine,"Chills, Dizziness, Headache, Nausea, Sensitivity to light, Sensitivity to sound, Severe throbbing headache, Visual aura, Vomiting"
Urological,Kidney Stone,"Fatigue, Loss of appetite, Nausea, Pain on urination, Pain that radiates to lower abdomen, Pink, red or brown urine, Severe pain in side and back"
Musculoskeletal,Rheumatoid Arthritis,"Body aches, Fatigue, Fever, Headache, Joint pain, Joint stiffness (worse in morning), Swollen joints"
Infectious,Gastroenteritis (Stomach Flu),"Chills, Diarrhea, Nausea, Stomach cramps, Vomiting, Weakness"
Musculoskeletal,Rheumatoid Arthritis,"Chills, Fatigue, Fever, Joint pain, Joint stiffness (worse in morning), Swollen joints"
Urological,Kidney Stone,"Loss of appetite, Nausea, Pain on urination, Pain that radiates to lower abdomen, Pink, red or brown urine, Severe pain in side and back"
Infectious,Pneumonia,"Chest pain, Chills, Cough with phlegm, Difficulty breathing, Fever, Loss of appetite"
Musculoskeletal,Rheumatoid Arthritis,"Body aches, Fatigue, Fever, Joint pain, Joint stiffness (worse in morning), Swollen joints"
Neurological,Migraine,"Body aches, Chills, Fever, Nausea, Sensitivity to light, Sensitivity to sound, Severe throbbing headache, Visual aura, Vomiting"
Infectious,Gastroenteritis (Stomach Flu),"Diarrhea, Fever, Nausea, Stomach cramps, Vomiting"
Infectious,Strep Throat,"Fever, Malaise, Pain when swallowing, Severe sore throat, Swollen lymph nodes, Swollen tonsils, White patches on tonsils"
Chronic,Asthma,"Body aches, Chest tightness, Chills, Coughing (especially at night), Shortness of breath, Weakness, Wheezing"
Musculoskeletal,Rheumatoid Arthritis,"Body aches, Chills, Dizziness, Fatigue, Fever, Joint pain, Joint stiffness (worse in morning), Swollen joints"
Infectious,Strep Throat,"Body aches, Fever, Pain when swallowing, Severe sore throat, Swollen lymph nodes, Swollen tonsils, White patches on tonsils"
Musculoskeletal,Rheumatoid Arthritis,"Dizziness, Fatigue, Fever, Joint pain, Joint stiffness (worse in morning), Swollen joints, Weakness"
Infectious,COVID-19,"Dry cough, Fatigue, Fever, Loss of appetite, Loss of taste or smell, Nausea, Shortness of breath"
Infectious,Pneumonia,"Chest pain, Chills, Cough with phlegm, Difficulty breathing, Dizziness, Fatigue, Fever"
Musculoskeletal,Ankle Sprain,"Ankle pain, Bruising, Chills, Fatigue, Inability to bear weight, Swelling, Tenderness to touch"
Musculoskeletal,Rheumatoid Arthritis,"Fatigue, Fever, Joint pain, Joint stiffness (worse in morning), Swollen joints, Weakness"
Chronic,Asthma,"Body aches, Chest tightness, Coughing (especially at night), Shortness of breath, Weakness, Wheezing"
Chronic,Hypertension,"Dizziness, Headaches, Loss of appetite, Nausea, Nosebleeds, Often asymptomatic, Shortness of breath, Weakness"
Infectious,COVID-19,"Dry cough, Fatigue, Fever, Loss of taste or smell, Shortness of breath, Weakness"
Chronic,Asthma,"Chest tightness, Coughing (especially at night), Dizziness, Fatigue, Headache, Shortness of breath, Wheezing"
Infectious,Urinary Tract Infection (UTI),"Cloudy or strong-smelling urine, Fatigue, Frequent urination, Malaise, Pain or burning on urination, Pelvic pain"
Chronic,Type 2 Diabetes,"Blurry vision, Excessive thirst, Frequent urination, Increased hunger, Loss of appetite, Malaise, Slow-healing sores, Unexplained weight loss"
Infectious,Pneumonia,"Body aches, Chest pain, Chills, Cough with phlegm, Difficulty breathing, Fever, Headache"
Infectious,Urinary Tract Infection (UTI),"Cloudy or strong-smelling urine, Frequent urination, Malaise, Pain or burning on urination, Pelvic pain"
Allergy,Allergic Rhinitis (Hay Fever),"Fever, Headache, Itchy, watery eyes, Nasal congestion, Runny nose, Sneezing"
Neurological,Migraine,"Body aches, Nausea, Sensitivity to light, Sensitivity to sound, Severe throbbing headache, Visual aura, Vomiting"
Infectious,Strep Throat,"Chills, Fever, Malaise, Pain when swallowing, Severe sore throat, Swollen lymph nodes, Swollen tonsils, Weakness, White patches on tonsils"
Acute/Surgical,Appendicitis,"Abdominal swelling, Chills, Fever, Loss of appetite, Nausea, Pain in lower right abdomen, Vomiting"
Musculoskeletal,Tibial/Fibular Fracture,"Body aches, Bruising, Fever, Inability to bear weight, Malaise, Severe leg pain, Swelling, Visible deformity"
Urological,Kidney Stone,"Chills, Loss of appetite, Nausea, Pain on urination, Pain that radiates to lower abdomen, Pink, red or brown urine, Severe pain in side and back"
Chronic,Asthma,"Chest tightness, Chills, Coughing (especially at night), Loss of appetite, Nausea, Shortness of breath, Wheezing"
Infectious,Gastroenteritis (Stomach Flu),"Diarrhea, Malaise, Nausea, Stomach cramps, Vomiting"
Infectious,Pneumonia,"Chest pain, Chills, Cough with phlegm, Difficulty breathing, Fatigue, Fever, Headache"
Chronic,Type 2 Diabetes,"Blurry vision, Excessive thirst, Frequent urination, Headache, Increased hunger, Malaise, Nausea, Slow-healing sores, Unexplained weight loss"
Musculoskeletal,Tibial/Fibular Fracture,"Bruising, Headache, Inability to bear weight, Severe leg pain, Swelling, Visible deformity"
Infectious,Influenza (Flu),"Body aches, Dry cough, High fever, Runny nose, Sore throat, Weakness"
Allergy,Allergic Rhinitis (Hay Fever),"Body aches, Itchy, watery eyes, Nasal congestion, Runny nose, Sneezing, Weakness"
Musculoskeletal,Rheumatoid Arthritis,"Body aches, Dizziness, Fatigue, Fever, Joint pain, Joint stiffness (worse in morning), Swollen joints"
Infectious,COVID-19,"Chills, Dry cough, Fatigue, Fever, Loss of appetite, Loss of taste or smell, Shortness of breath"
Musculoskeletal,Rheumatoid Arthritis,"Fatigue, Fever, Joint pain, Joint stiffness (worse in morning), Malaise, Swollen joints"
Acute/Surgical,Appendicitis,"Abdominal swelling, Fever, Headache, Loss of appetite, Nausea, Pain in lower right abdomen, Vomiting"
Urological,Kidney Stone,"Malaise, Nausea, Pain on urination, Pain that radiates to lower abdomen, Pink, red or brown urine, Severe pain in side and back"
Chronic,Type 2 Diabetes,"Blurry vision, Body aches, Excessive thirst, Frequent urination, Increased hunger, Loss of appetite, Nausea, Slow-healing sores, Unexplained weight loss"
Chronic,Hypertension,"Dizziness, Headaches, Malaise, Nosebleeds, Often asymptomatic, Shortness of breath"
Musculoskeletal,Ankle Sprain,"Ankle pain, Bruising, Chills, Fever, Inability to bear weight, Loss of appetite, Swelling, Tenderness to touch"
Acute/Surgical,Appendicitis,"Abdominal swelling, Fever, Loss of appetite, Malaise, Nausea, Pain in lower right abdomen, Vomiting"
Chronic,Type 2 Diabetes,"Blurry vision, Dizziness, Excessive thirst, Frequent urination, Increased hunger, Slow-healing sores, Unexplained weight loss"
Infectious,Strep Throat,"Dizziness, Fatigue, Fever, Pain when swallowing, Severe sore throat, Swollen lymph nodes, Swollen tonsils, White patches on tonsils"
Musculoskeletal,Rheumatoid Arthritis,"Body aches, Fatigue, Fever, Joint pain, Joint stiffness (worse in morning), Swollen joints"
Neurological,Migraine,"Nausea, Sensitivity to light, Sensitivity to sound, Severe throbbing headache, Visual aura, Vomiting, Weakness"
Infectious,Gastroenteritis (Stomach Flu),"Diarrhea, Loss of appetite, Malaise, Nausea, Stomach cramps, Vomiting, Weakness"
Musculoskeletal,Tibial/Fibular Fracture,"Bruising, Fatigue, Fever, Inability to bear weight, Severe leg pain, Swelling, Visible deformity"
Infectious,Urinary Tract Infection (UTI),"Cloudy or strong-smelling urine, Frequent urination, Loss of appetite, Malaise, Pain or burning on urination, Pelvic pain"
Acute/Surgical,Appendicitis,"Abdominal swelling, Body aches, Fever, Loss of appetite, Nausea, Pain in lower right abdomen, Vomiting"
Neurological,Migraine,"Nausea, Sensitivity to light, Sensitivity to sound, Severe throbbing headache, Visual aura, Vomiting"
Musculoskeletal,Ankle Sprain,"Ankle pain, Body aches, Bruising, Inability to bear weight, Loss of appetite, Swelling, Tenderness to touch, Weakness"
Acute/Surgical,Appendicitis,"Abdominal swelling, Fever, Loss of appetite, Malaise, Nausea, Pain in lower right abdomen, Vomiting"
Infectious,Urinary Tract Infection (UTI),"Cloudy or strong-smelling urine, Fever, Frequent urination, Malaise, Pain or burning on urination, Pelvic pain"
Infectious,Pneumonia,"Chest pain, Chills, Cough with phlegm, Difficulty breathing, Fatigue, Fever, Loss of appetite"
Infectious,Strep Throat,"Body aches, Fatigue, Fever, Pain when swallowing, Severe sore throat, Swollen lymph nodes, Swollen tonsils, White patches on tonsils"
Infectious,Strep Throat,"Dizziness, Fever, Pain when swallowing, Severe sore throat, Swollen lymph nodes, Swollen tonsils, White patches on tonsils"
Infectious,Pneumonia,"Chest pain, Chills, Cough with phlegm, Difficulty breathing, Fever, Weakness"
Infectious,Gastroenteritis (Stomach Flu),"Chills, Diarrhea, Fever, Headache, Nausea, Stomach cramps, Vomiting"
Musculoskeletal,Rheumatoid Arthritis,"Fatigue, Fever, Headache, Joint pain, Joint stiffness (worse in morning), Swollen joints, Weakness"
Neurological,Migraine,"Fever, Nausea, Sensitivity to light, Sensitivity to sound, Severe throbbing headache, Visual aura, Vomiting"
Infectious,Influenza (Flu),"Body aches, Dry cough, Fever, High fever, Nausea, Runny nose, Sore throat, Weakness"
Chronic,Asthma,"Chest tightness, Chills, Coughing (especially at night), Shortness of breath, Wheezing"
Urological,Kidney Stone,"Malaise, Nausea, Pain on urination, Pain that radiates to lower abdomen, Pink, red or brown urine, Severe pain in side and back"
Neurological,Migraine,"Dizziness, Fatigue, Nausea, Sensitivity to light, Sensitivity to sound, Severe throbbing headache, Visual aura, Vomiting"
Musculoskeletal,Tibial/Fibular Fracture,"Bruising, Inability to bear weight, Loss of appetite, Severe leg pain, Swelling, Visible deformity"
Infectious,Influenza (Flu),"Body aches, Dizziness, Dry cough, Fatigue, High fever, Runny nose, Sore throat"
Infectious,Gastroenteritis (Stomach Flu),"Chills, Diarrhea, Fever, Nausea, Stomach cramps, Vomiting"
Urological,Kidney Stone,"Fever, Malaise, Nausea, Pain on urination, Pain that radiates to lower abdomen, Pink, red or brown urine, Severe pain in side and back, Weakness"
Musculoskeletal,Rheumatoid Arthritis,"Fatigue, Fever, Joint pain, Joint stiffness (worse in morning), Loss of appetite, Swollen joints"
Infectious,Strep Throat,"Fever, Headache, Pain when swallowing, Severe sore throat, Swollen lymph nodes, Swollen tonsils, Weakness, White patches on tonsils"
Allergy,Allergic Rhinitis (Hay Fever),"Fever, Itchy, watery eyes, Nasal congestion, Runny nose, Sneezing"
Infectious,Influenza (Flu),"Body aches, Chills, Dry cough, Fatigue, High fever, Runny nose, Sore throat"
Allergy,Allergic Rhinitis (Hay Fever),"Chills, Itchy, watery eyes, Nasal congestion, Runny nose, Sneezing"
Musculoskeletal,Ankle Sprain,"Ankle pain, Body aches, Bruising, Inability to bear weight, Malaise, Swelling, Tenderness to touch"
Musculoskeletal,Rheumatoid Arthritis,"Body aches, Fatigue, Fever, Joint pain, Joint stiffness (worse in morning), Swollen joints"
Musculoskeletal,Tibial/Fibular Fracture,"Body aches, Bruising, Inability to bear weight, Severe leg pain, Swelling, Visible deformity"
Allergy,Allergic Rhinitis (Hay Fever),"Dizziness, Itchy, watery eyes, Nasal congestion, Runny nose, Sneezing"
Infectious,Pneumonia,"Chest pain, Chills, Cough with phlegm, Difficulty breathing, Fever, Nausea, Weakness"
Chronic,Asthma,"Body aches, Chest tightness, Coughing (especially at night), Shortness of breath, Wheezing"
Chronic,Type 2 Diabetes,"Blurry vision, Body aches, Excessive thirst, Frequent urination, Headache, Increased hunger, Nausea, Slow-healing sores, Unexplained weight loss"
Infectious,Influenza (Flu),"Body aches, Dry cough, High fever, Loss of appetite, Malaise, Runny nose, Sore throat"
Musculoskeletal,Rheumatoid Arthritis,"Dizziness, Fatigue, Fever, Joint pain, Joint stiffness (worse in morning), Swollen joints"
Chronic,Asthma,"Chest tightness, Coughing (especially at night), Fatigue, Malaise, Shortness of breath, Wheezing"
Chronic,Asthma,"Chest tightness, Coughing (especially at night), Dizziness, Loss of appetite, Shortness of breath, Weakness, Wheezing"
Musculoskeletal,Rheumatoid Arthritis,"Fatigue, Fever, Headache, Joint pain, Joint stiffness (worse in morning), Loss of appetite, Nausea, Swollen joints"
Chronic,Hypertension,"Dizziness, Headaches, Malaise, Nosebleeds, Often asymptomatic, Shortness of breath"
Infectious,Gastroenteritis (Stomach Flu),"Diarrhea, Loss of appetite, Nausea, Stomach cramps, Vomiting"
Chronic,Asthma,"Chest tightness, Coughing (especially at night), Dizziness, Headache, Shortness of breath, Wheezing"
Chronic,Hypertension,"Dizziness, Headaches, Nausea, Nosebleeds, Often asymptomatic, Shortness of breath"
Musculoskeletal,Ankle Sprain,"Ankle pain, Bruising, Chills, Inability to bear weight, Swelling, Tenderness to touch"
Acute/Surgical,Appendicitis,"Abdominal swelling, Fever, Loss of appetite, Nausea, Pain in lower right abdomen, Vomiting"
Chronic,Type 2 Diabetes,"Blurry vision, Chills, Excessive thirst, Frequent urination, Headache, Increased hunger, Malaise, Slow-healing sores, Unexplained weight loss"
Infectious,Gastroenteritis (Stomach Flu),"Body aches, Diarrhea, Loss of appetite, Nausea, Stomach cramps, Vomiting"
Infectious,Pneumonia,"Chest pain, Chills, Cough with phlegm, Difficulty breathing, Fatigue, Fever, Weakness"
Infectious,Gastroenteritis (Stomach Flu),"Chills, Diarrhea, Nausea, Stomach cramps, Vomiting"
Infectious,COVID-19,"Chills, Dry cough, Fatigue, Fever, Headache, Loss of taste or smell, Malaise, Shortness of breath"
Urological,Kidney Stone,"Fatigue, Nausea, Pain on urination, Pain that radiates to lower abdomen, Pink, red or brown urine, Severe pain in side and back"
Musculoskeletal,Rheumatoid Arthritis,"Dizziness, Fatigue, Fever, Joint pain, Joint stiffness (worse in morning), Loss of appetite, Swollen joints"
Chronic,Hypertension,"Dizziness, Headaches, Malaise, Nosebleeds, Often asymptomatic, Shortness of breath, Weakness"
Chronic,Asthma,"Chest tightness, Chills, Coughing (especially at night), Loss of appetite, Malaise, Shortness of breath, Wheezing"
Acute/Surgical,Appendicitis,"Abdominal swelling, Fever, Loss of appetite, Nausea, Pain in lower right abdomen, Vomiting"
Musculoskeletal,Ankle Sprain,"Ankle pain, Bruising, Inability to bear weight, Swelling, Tenderness to touch, Weakness"
Urological,Kidney Stone,"Body aches, Nausea, Pain on urination, Pain that radiates to lower abdomen, Pink, red or brown urine, Severe pain in side and back"
Chronic,Hypertension,"Chills, Dizziness, Fever, Headaches, Malaise, Nosebleeds, Often asymptomatic, Shortness of breath"
Allergy,Allergic Rhinitis (Hay Fever),"Dizziness, Headache, Itchy, watery eyes, Loss of appetite, Nasal congestion, Runny nose, Sneezing"
Musculoskeletal,Ankle Sprain,"Ankle pain, Bruising, Fatigue, Inability to bear weight, Nausea, Swelling, Tenderness to touch"
Musculoskeletal,Tibial/Fibular Fracture,"Bruising, Fatigue, Inability to bear weight, Nausea, Severe leg pain, Swelling, Visible deformity"
Chronic,Asthma,"Body aches, Chest tightness, Coughing (especially at night), Shortness of breath, Wheezing"
Infectious,Pneumonia,"Chest pain, Chills, Cough with phlegm, Difficulty breathing, Fever, Loss of appetite, Nausea"
Allergy,Allergic Rhinitis (Hay Fever),"Chills, Headache, Itchy, watery eyes, Nasal congestion, Nausea, Runny nose, Sneezing"
Urological,Kidney Stone,"Chills, Fever, Loss of appetite, Nausea, Pain on urination, Pain that radiates to lower abdomen, Pink, red or brown urine, Severe pain in side and back"
Chronic,Hypertension,"Body aches, Dizziness, Headaches, Nosebleeds, Often asymptomatic, Shortness of breath"
Musculoskeletal,Rheumatoid Arthritis,"Body aches, Fatigue, Fever, Joint pain, Joint stiffness (worse in morning), Swollen joints"
Chronic,Asthma,"Chest tightness, Chills, Coughing (especially at night), Fatigue, Malaise, Shortness of breath, Wheezing"
Neurological,Migraine,"Loss of appetite, Nausea, Sensitivity to light, Sensitivity to sound, Severe throbbing headache, Visual aura, Vomiting"
Infectious,COVID-19,"Dry cough, Fatigue, Fever, Loss of taste or smell, Nausea, Shortness of breath"
Chronic,Type 2 Diabetes,"Blurry vision, Excessive thirst, Fatigue, Frequent urination, Increased hunger, Slow-healing sores, Unexplained weight loss"
Infectious,Pneumonia,"Chest pain, Chills, Cough with phlegm, Difficulty breathing, Fever"
Infectious,Gastroenteritis (Stomach Flu),"Diarrhea, Fever, Nausea, Stomach cramps, Vomiting"
Infectious,Urinary Tract Infection (UTI),"Chills, Cloudy or strong-smelling urine, Frequent urination, Pain or burning on urination, Pelvic pain"
Musculoskeletal,Rheumatoid Arthritis,"Body aches, Fatigue, Fever, Joint pain, Joint stiffness (worse in morning), Swollen joints"
Infectious,Pneumonia,"Chest pain, Chills, Cough with phlegm, Difficulty breathing, Fatigue, Fever"
Allergy,Allergic Rhinitis (Hay Fever),"Chills, Dizziness, Fatigue, Itchy, watery eyes, Nasal congestion, Runny nose, Sneezing"
Allergy,Allergic Rhinitis (Hay Fever),"Body aches, Itchy, watery eyes, Nasal congestion, Runny nose, Sneezing"
Infectious,Urinary Tract Infection (UTI),"Cloudy or strong-smelling urine, Frequent urination, Nausea, Pain or burning on urination, Pelvic pain"
Neurological,Migraine,"Dizziness, Nausea, Sensitivity to light, Sensitivity to sound, Severe throbbing headache, Visual aura, Vomiting"
Neurological,Migraine,"Fatigue, Nausea, Sensitivity to light, Sensitivity to sound, Severe throbbing headache, Visual aura, Vomiting"
Musculoskeletal,Rheumatoid Arthritis,"Dizziness, Fatigue, Fever, Joint pain, Joint stiffness (worse in morning), Loss of appetite, Swollen joints"
Infectious,Influenza (Flu),"Body aches, Dizziness, Dry cough, Headache, High fever, Runny nose, Sore throat"
Chronic,Hypertension,"Body aches, Dizziness, Headaches, Nausea, Nosebleeds, Often asymptomatic, Shortness of breath"
Infectious,Urinary Tract Infection (UTI),"Cloudy or strong-smelling urine, Dizziness, Frequent urination, Loss of appetite, Pain or burning on urination, Pelvic pain, Weakness"
Infectious,COVID-19,"Body aches, Dry cough, Fatigue, Fever, Loss of taste or smell, Shortness of breath"
Chronic,Type 2 Diabetes,"Blurry vision, Excessive thirst, Fatigue, Fever, Frequent urination, Increased hunger, Slow-healing sores, Unexplained weight loss"
Infectious,Strep Throat,"Fever, Headache, Nausea, Pain when swallowing, Severe sore throat, Swollen lymph nodes, Swollen tonsils, White patches on tonsils"
Infectious,Urinary Tract Infection (UTI),"Chills, Cloudy or strong-smelling urine, Dizziness, Fever, Frequent urination, Pain or burning on urination, Pelvic pain"
Infectious,Pneumonia,"Chest pain, Chills, Cough with phlegm, Difficulty breathing, Fatigue, Fever"
Infectious,Pneumonia,"Chest pain, Chills, Cough with phlegm, Difficulty breathing, Fever, Malaise, Weakness"
Urological,Kidney Stone,"Fatigue, Nausea, Pain on urination, Pain that radiates to lower abdomen, Pink, red or brown urine, Severe pain in side and back"
Chronic,Hypertension,"Dizziness, Headaches, Loss of appetite, Nosebleeds, Often asymptomatic, Shortness of breath"
Musculoskeletal,Ankle Sprain,"Ankle pain, Bruising, Inability to bear weight, Swelling, Tenderness to touch, Weakness"
Musculoskeletal,Tibial/Fibular Fracture,"Bruising, Chills, Inability to bear weight, Loss of appetite, Severe leg pain, Swelling, Visible deformity"
Chronic,Asthma,"Chest tightness, Coughing (especially at night), Loss of appetite, Shortness of breath, Wheezing"
Chronic,Hypertension,"Chills, Dizziness, Fever, Headaches, Nausea, Nosebleeds, Often asymptomatic, Shortness of breath"
Infectious,Influenza (Flu),"Body aches, Chills, Dry cough, Fever, High fever, Loss of appetite, Runny nose, Sore throat"
Musculoskeletal,Ankle Sprain,"Ankle pain, Bruising, Inability to bear weight, Nausea, Swelling, Tenderness to touch"
Infectious,Gastroenteritis (Stomach Flu),"Diarrhea, Fever, Headache, Nausea, Stomach cramps, Vomiting, Weakness"
Allergy,Allergic Rhinitis (Hay Fever),"Itchy, watery eyes, Nasal congestion, Runny nose, Sneezing, Weakness"
Neurological,Migraine,"Dizziness, Headache, Nausea, Sensitivity to light, Sensitivity to sound, Severe throbbing headache, Visual aura, Vomiting, Weakness"
Acute/Surgical,Appendicitis,"Abdominal swelling, Dizziness, Fatigue, Fever, Loss of appetite, Nausea, Pain in lower right abdomen, Vomiting"
Neurological,Migraine,"Dizziness, Fatigue, Loss of appetite, Nausea, Sensitivity to light, Sensitivity to sound, Severe throbbing headache, Visual aura, Vomiting"
Infectious,Urinary Tract Infection (UTI),"Cloudy or strong-smelling urine, Fatigue, Fever, Frequent urination, Malaise, Pain or burning on urination, Pelvic pain"
Infectious,Pneumonia,"Chest pain, Chills, Cough with phlegm, Difficulty breathing, Fever"
Chronic,Type 2 Diabetes,"Blurry vision, Excessive thirst, Fever, Frequent urination, Increased hunger, Malaise, Slow-healing sores, Unexplained weight loss, Weakness"
Urological,Kidney Stone,"Body aches, Dizziness, Loss of appetite, Nausea, Pain on urination, Pain that radiates to lower abdomen, Pink, red or brown urine, Severe pain in side and back"
Chronic,Asthma,"Chest tightness, Coughing (especially at night), Loss of appetite, Shortness of breath, Wheezing"
Infectious,Pneumonia,"Chest pain, Chills, Cough with phlegm, Difficulty breathing, Dizziness, Fever"
Musculoskeletal,Ankle Sprain,"Ankle pain, Bruising, Headache, Inability to bear weight, Swelling, Tenderness to touch"
Acute/Surgical,Appendicitis,"Abdominal swelling, Fever, Headache, Loss of appetite, Malaise, Nausea, Pain in lower right abdomen, Vomiting"
Musculoskeletal,Ankle Sprain,"Ankle pain, Bruising, Fatigue, Inability to bear weight, Loss of appetite, Nausea, Swelling, Tenderness to touch"
Neurological,Migraine,"Body aches, Fatigue, Malaise, Nausea, Sensitivity to light, Sensitivity to sound, Severe throbbing headache, Visual aura, Vomiting"
Allergy,Allergic Rhinitis (Hay Fever),"Chills, Itchy, watery eyes, Nasal congestion, Runny nose, Sneezing"
Urological,Kidney Stone,"Fever, Nausea, Pain on urination, Pain that radiates to lower abdomen, Pink, red or brown urine, Severe pain in side and back"
Infectious,COVID-19,"Dry cough, Fatigue, Fever, Loss of taste or smell, Shortness of breath"
Chronic,Type 2 Diabetes,"Blurry vision, Excessive thirst, Frequent urination, Increased hunger, Slow-healing sores, Unexplained weight loss, Weakness"
Infectious,Pneumonia,"Body aches, Chest pain, Chills, Cough with phlegm, Difficulty breathing, Fever"
Infectious,Strep Throat,"Fatigue, Fever, Pain when swallowing, Severe sore throat, Swollen lymph nodes, Swollen tonsils, White patches on tonsils"
Neurological,Migraine,"Fever, Nausea, Sensitivity to light, Sensitivity to sound, Severe throbbing headache, Visual aura, Vomiting, Weakness"
Urological,Kidney Stone,"Nausea, Pain on urination, Pain that radiates to lower abdomen, Pink, red or brown urine, Severe pain in side and back, Weakness"
Infectious,Urinary Tract Infection (UTI),"Body aches, Cloudy or strong-smelling urine, Frequent urination, Pain or burning on urination, Pelvic pain"
Chronic,Asthma,"Body aches, Chest tightness, Coughing (especially at night), Shortness of breath, Wheezing"
Chronic,Asthma,"Chest tightness, Chills, Coughing (especially at night), Shortness of breath, Wheezing"
Neurological,Migraine,"Headache, Nausea, Sensitivity to light, Sensitivity to sound, Severe throbbing headache, Visual aura, Vomiting"
Chronic,Asthma,"Chest tightness, Chills, Coughing (especially at night), Nausea, Shortness of breath, Wheezing"
Acute/Surgical,Appendicitis,"Abdominal swelling, Fatigue, Fever, Headache, Loss of appetite, Nausea, Pain in lower right abdomen, Vomiting"
Chronic,Type 2 Diabetes,"Blurry vision, Excessive thirst, Frequent urination, Increased hunger, Loss of appetite, Nausea, Slow-healing sores, Unexplained weight loss, Weakness"
Chronic,Hypertension,"Dizziness, Headaches, Malaise, Nosebleeds, Often asymptomatic, Shortness of breath"
Infectious,Gastroenteritis (Stomach Flu),"Diarrhea, Fatigue, Nausea, Stomach cramps, Vomiting"
Musculoskeletal,Tibial/Fibular Fracture,"Bruising, Fever, Inability to bear weight, Severe leg pain, Swelling, Visible deformity, Weakness"
Chronic,Hypertension,"Body aches, Dizziness, Headaches, Nosebleeds, Often asymptomatic, Shortness of breath"
Urological,Kidney Stone,"Fatigue, Headache, Nausea, Pain on urination, Pain that radiates to lower abdomen, Pink, red or brown urine, Severe pain in side and back"
Infectious,Gastroenteritis (Stomach Flu),"Diarrhea, Malaise, Nausea, Stomach cramps, Vomiting"
Infectious,COVID-19,"Dry cough, Fatigue, Fever, Loss of taste or smell, Shortness of breath"
Musculoskeletal,Ankle Sprain,"Ankle pain, Bruising, Inability to bear weight, Loss of appetite, Swelling, Tenderness to touch"
Allergy,Allergic Rhinitis (Hay Fever),"Body aches, Itchy, watery eyes, Nasal congestion, Runny nose, Sneezing, Weakness"
Infectious,Pneumonia,"Chest pain, Chills, Cough with phlegm, Difficulty breathing, Fever"
Chronic,Asthma,"Chest tightness, Coughing (especially at night), Fatigue, Fever, Shortness of breath, Wheezing"
Chronic,Asthma,"Body aches, Chest tightness, Chills, Coughing (especially at night), Fever, Shortness of breath, Wheezing"
Musculoskeletal,Ankle Sprain,"Ankle pain, Bruising, Inability to bear weight, Malaise, Swelling, Tenderness to touch"
Musculoskeletal,Tibial/Fibular Fracture,"Body aches, Bruising, Fatigue, Fever, Inability to bear weight, Severe leg pain, Swelling, Visible deformity"
Infectious,Strep Throat,"Body aches, Fatigue, Fever, Nausea, Pain when swallowing, Severe sore throat, Swollen lymph nodes, Swollen tonsils, White patches on tonsils"
Infectious,Strep Throat,"Body aches, Fever, Pain when swallowing, Severe sore throat, Swollen lymph nodes, Swollen tonsils, White patches on tonsils"
Chronic,Type 2 Diabetes,"Blurry vision, Excessive thirst, Frequent urination, Headache, Increased hunger, Malaise, Slow-healing sores, Unexplained weight loss"
Infectious,Urinary Tract Infection (UTI),"Body aches, Cloudy or strong-smelling urine, Fever, Frequent urination, Pain or burning on urination, Pelvic pain"
Infectious,Strep Throat,"Fatigue, Fever, Loss of appetite, Malaise, Pain when swallowing, Severe sore throat, Swollen lymph nodes, Swollen tonsils, White patches on tonsils"
Infectious,Influenza (Flu),"Body aches, Dry cough, Headache, High fever, Runny nose, Sore throat"
Allergy,Allergic Rhinitis (Hay Fever),"Chills, Fatigue, Itchy, watery eyes, Nasal congestion, Nausea, Runny nose, Sneezing"
Chronic,Hypertension,"Chills, Dizziness, Headaches, Loss of appetite, Nosebleeds, Often asymptomatic, Shortness of breath"
Chronic,Type 2 Diabetes,"Blurry vision, Excessive thirst, Frequent urination, Headache, Increased hunger, Slow-healing sores, Unexplained weight loss"
Musculoskeletal,Ankle Sprain,"Ankle pain, Bruising, Chills, Inability to bear weight, Loss of appetite, Malaise, Swelling, Tenderness to touch"
Chronic,Type 2 Diabetes,"Blurry vision, Excessive thirst, Frequent urination, Headache, Increased hunger, Nausea, Slow-healing sores, Unexplained weight loss"
Neurological,Migraine,"Fatigue, Nausea, Sensitivity to light, Sensitivity to sound, Severe throbbing headache, Visual aura, Vomiting, Weakness"
Acute/Surgical,Appendicitis,"Abdominal swelling, Chills, Fever, Loss of appetite, Malaise, Nausea, Pain in lower right abdomen, Vomiting"
Infectious,Urinary Tract Infection (UTI),"Body aches, Cloudy or strong-smelling urine, Fatigue, Frequent urination, Pain or burning on urination, Pelvic pain"
Urological,Kidney Stone,"Fever, Headache, Nausea, Pain on urination, Pain that radiates to lower abdomen, Pink, red or brown urine, Severe pain in side and back, Weakness"
Musculoskeletal,Tibial/Fibular Fracture,"Bruising, Inability to bear weight, Severe leg pain, Swelling, Visible deformity, Weakness"
Chronic,Hypertension,"Dizziness, Fever, Headaches, Loss of appetite, Nosebleeds, Often asymptomatic, Shortness of breath"
Infectious,Pneumonia,"Chest pain, Chills, Cough with phlegm, Difficulty breathing, Fever, Loss of appetite, Nausea"
Chronic,Hypertension,"Chills, Dizziness, Headaches, Nausea, Nosebleeds, Often asymptomatic, Shortness of breath, Weakness"
Allergy,Allergic Rhinitis (Hay Fever),"Fatigue, Headache, Itchy, watery eyes, Malaise, Nasal congestion, Runny nose, Sneezing"
Infectious,Pneumonia,"Chest pain, Chills, Cough with phlegm, Difficulty breathing, Dizziness, Fever"
Infectious,COVID-19,"Dizziness, Dry cough, Fatigue, Fever, Loss of appetite, Loss of taste or smell, Shortness of breath, Weakness"
Infectious,COVID-19,"Dry cough, Fatigue, Fever, Headache, Loss of taste or smell, Shortness of breath, Weakness"
Musculoskeletal,Ankle Sprain,"Ankle pain, Bruising, Chills, Inability to bear weight, Malaise, Nausea, Swelling, Tenderness to touch"
Infectious,Pneumonia,"Chest pain, Chills, Cough with phlegm, Difficulty breathing, Fever, Malaise"
Musculoskeletal,Tibial/Fibular Fracture,"Bruising, Chills, Inability to bear weight, Severe leg pain, Swelling, Visible deformity, Weakness"
Chronic,Hypertension,"Body aches, Dizziness, Headaches, Loss of appetite, Nosebleeds, Often asymptomatic, Shortness of breath, Weakness"
Infectious,Urinary Tract Infection (UTI),"Cloudy or strong-smelling urine, Frequent urination, Malaise, Pain or burning on urination, Pelvic pain, Weakness"
Chronic,Asthma,"Chest tightness, Coughing (especially at night), Fever, Loss of appetite, Shortness of breath, Wheezing"
Neurological,Migraine,"Loss of appetite, Malaise, Nausea, Sensitivity to light, Sensitivity to sound, Severe throbbing headache, Visual aura, Vomiting"
Allergy,Allergic Rhinitis (Hay Fever),"Body aches, Itchy, watery eyes, Nasal congestion, Runny nose, Sneezing, Weakness"
Infectious,Strep Throat,"Chills, Fever, Headache, Pain when swallowing, Severe sore throat, Swollen lymph nodes, Swollen tonsils, White patches on tonsils"
Allergy,Allergic Rhinitis (Hay Fever),"Body aches, Fever, Itchy, watery eyes, Nasal congestion, Runny nose, Sneezing"
Urological,Kidney Stone,"Dizziness, Fever, Nausea, Pain on urination, Pain that radiates to lower abdomen, Pink, red or brown urine, Severe pain in side and back, Weakness"
Chronic,Type 2 Diabetes,"Blurry vision, Excessive thirst, Frequent urination, Headache, Increased hunger, Slow-healing sores, Unexplained weight loss, Weakness"
Infectious,Urinary Tract Infection (UTI),"Body aches, Cloudy or strong-smelling urine, Frequent urination, Pain or burning on urination, Pelvic pain"
Musculoskeletal,Tibial/Fibular Fracture,"Body aches, Bruising, Fatigue, Inability to bear weight, Loss of appetite, Severe leg pain, Swelling, Visible deformity"
Infectious,Pneumonia,"Body aches, Chest pain, Chills, Cough with phlegm, Difficulty breathing, Fever"
Infectious,Urinary Tract Infection (UTI),"Cloudy or strong-smelling urine, Fatigue, Fever, Frequent urination, Nausea, Pain or burning on urination, Pelvic pain"
Musculoskeletal,Tibial/Fibular Fracture,"Bruising, Inability to bear weight, Malaise, Severe leg pain, Swelling, Visible deformity"
Infectious,COVID-19,"Dry cough, Fatigue, Fever, Headache, Loss of taste or smell, Shortness of breath, Weakness"
Infectious,Gastroenteritis (Stomach Flu),"Diarrhea, Loss of appetite, Nausea, Stomach cramps, Vomiting, Weakness"
Musculoskeletal,Rheumatoid Arthritis,"Chills, Fatigue, Fever, Joint pain, Joint stiffness (worse in morning), Swollen joints, Weakness"
Chronic,Hypertension,"Dizziness, Fatigue, Headaches, Nosebleeds, Often asymptomatic, Shortness of breath"
Acute/Surgical,Appendicitis,"Abdominal swelling, Chills, Fever, Headache, Loss of appetite, Nausea, Pain in lower right abdomen, Vomiting"
Acute/Surgical,Appendicitis,"Abdominal swelling, Chills, Fever, Loss of appetite, Nausea, Pain in lower right abdomen, Vomiting"
Infectious,Strep Throat,"Fever, Malaise, Pain when swallowing, Severe sore throat, Swollen lymph nodes, Swollen tonsils, White patches on tonsils"
Infectious,Urinary Tract Infection (UTI),"Cloudy or strong-smelling urine, Fatigue, Frequent urination, Headache, Malaise, Pain or burning on urination, Pelvic pain"
Urological,Kidney Stone,"Nausea, Pain on urination, Pain that radiates to lower abdomen, Pink, red or brown urine, Severe pain in side and back"
Infectious,Influenza (Flu),"Body aches, Dizziness, Dry cough, Fatigue, High fever, Loss of appetite, Runny nose, Sore throat"
Chronic,Asthma,"Body aches, Chest tightness, Coughing (especially at night), Malaise, Nausea, Shortness of breath, Wheezing"
Chronic,Asthma,"Chest tightness, Coughing (especially at night), Loss of appetite, Malaise, Shortness of breath, Wheezing"
Musculoskeletal,Ankle Sprain,"Ankle pain, Bruising, Fever, Inability to bear weight, Swelling, Tenderness to touch"
Neurological,Migraine,"Chills, Nausea, Sensitivity to light, Sensitivity to sound, Severe throbbing headache, Visual aura, Vomiting"
Musculoskeletal,Ankle Sprain,"Ankle pain, Bruising, Chills, Fatigue, Fever, Inability to bear weight, Swelling, Tenderness to touch"
Acute/Surgical,Appendicitis,"Abdominal swelling, Fatigue, Fever, Loss of appetite, Nausea, Pain in lower right abdomen, Vomiting, Weakness"
Chronic,Asthma,"Chest tightness, Coughing (especially at night), Fever, Nausea, Shortness of breath, Wheezing"
Infectious,Urinary Tract Infection (UTI),"Chills, Cloudy or strong-smelling urine, Frequent urination, Pain or burning on urination, Pelvic pain"
Neurological,Migraine,"Dizziness, Nausea, Sensitivity to light, Sensitivity to sound, Severe throbbing headache, Visual aura, Vomiting"
Chronic,Asthma,"Chest tightness, Chills, Coughing (especially at night), Fever, Shortness of breath, Wheezing"
Chronic,Asthma,"Body aches, Chest tightness, Coughing (especially at night), Shortness of breath, Wheezing"
Musculoskeletal,Tibial/Fibular Fracture,"Body aches, Bruising, Inability to bear weight, Severe leg pain, Swelling, Visible deformity"
Urological,Kidney Stone,"Dizziness, Fatigue, Fever, Nausea, Pain on urination, Pain that radiates to lower abdomen, Pink, red or brown urine, Severe pain in side and back"
Neurological,Migraine,"Nausea, Sensitivity to light, Sensitivity to sound, Severe throbbing headache, Visual aura, Vomiting, Weakness"
Infectious,COVID-19,"Dry cough, Fatigue, Fever, Headache, Loss of taste or smell, Shortness of breath"
Musculoskeletal,Tibial/Fibular Fracture,"Bruising, Inability to bear weight, Malaise, Severe leg pain, Swelling, Visible deformity"
Allergy,Allergic Rhinitis (Hay Fever),"Fever, Itchy, watery eyes, Malaise, Nasal congestion, Runny nose, Sneezing"
Chronic,Asthma,"Chest tightness, Chills, Coughing (especially at night), Dizziness, Fatigue, Shortness of breath, Wheezing"
Infectious,Urinary Tract Infection (UTI),"Chills, Cloudy or strong-smelling urine, Frequent urination, Loss of appetite, Pain or burning on urination, Pelvic pain"
Musculoskeletal,Tibial/Fibular Fracture,"Bruising, Dizziness, Fatigue, Inability to bear weight, Malaise, Severe leg pain, Swelling, Visible deformity"
Musculoskeletal,Ankle Sprain,"Ankle pain, Bruising, Inability to bear weight, Swelling, Tenderness to touch, Weakness"
Chronic,Asthma,"Chest tightness, Coughing (especially at night), Loss of appetite, Nausea, Shortness of breath, Wheezing"
Infectious,Pneumonia,"Body aches, Chest pain, Chills, Cough with phlegm, Difficulty breathing, Fever"
Neurological,Migraine,"Loss of appetite, Nausea, Sensitivity to light, Sensitivity to sound, Severe throbbing headache, Visual aura, Vomiting, Weakness"
Infectious,COVID-19,"Dizziness, Dry cough, Fatigue, Fever, Loss of taste or smell, Malaise, Shortness of breath"
Neurological,Migraine,"Dizziness, Headache, Nausea, Sensitivity to light, Sensitivity to sound, Severe throbbing headache, Visual aura, Vomiting"
Infectious,Pneumonia,"Body aches, Chest pain, Chills, Cough with phlegm, Difficulty breathing, Fever"
Infectious,Influenza (Flu),"Body aches, Dry cough, Fatigue, High fever, Loss of appetite, Runny nose, Sore throat"
Neurological,Migraine,"Dizziness, Nausea, Sensitivity to light, Sensitivity to sound, Severe throbbing headache, Visual aura, Vomiting"
Infectious,Urinary Tract Infection (UTI),"Cloudy or strong-smelling urine, Frequent urination, Malaise, Pain or burning on urination, Pelvic pain"
Infectious,Influenza (Flu),"Body aches, Dry cough, High fever, Runny nose, Sore throat"
Allergy,Allergic Rhinitis (Hay Fever),"Headache, Itchy, watery eyes, Malaise, Nasal congestion, Runny nose, Sneezing"
Infectious,Strep Throat,"Fatigue, Fever, Pain when swallowing, Severe sore throat, Swollen lymph nodes, Swollen tonsils, White patches on tonsils"
Infectious,Pneumonia,"Chest pain, Chills, Cough with phlegm, Difficulty breathing, Dizziness, Fever, Loss of appetite, Weakness"
Musculoskeletal,Rheumatoid Arthritis,"Dizziness, Fatigue, Fever, Joint pain, Joint stiffness (worse in morning), Swollen joints, Weakness"
Musculoskeletal,Ankle Sprain,"Ankle pain, Bruising, Inability to bear weight, Loss of appetite, Swelling, Tenderness to touch"
Infectious,COVID-19,"Chills, Dry cough, Fatigue, Fever, Loss of taste or smell, Shortness of breath, Weakness"
Infectious,Gastroenteritis (Stomach Flu),"Diarrhea, Dizziness, Headache, Nausea, Stomach cramps, Vomiting"
Urological,Kidney Stone,"Fatigue, Loss of appetite, Nausea, Pain on urination, Pain that radiates to lower abdomen, Pink, red or brown urine, Severe pain in side and back, Weakness"
Infectious,Influenza (Flu),"Body aches, Dry cough, Headache, High fever, Runny nose, Sore throat"
Allergy,Allergic Rhinitis (Hay Fever),"Fever, Itchy, watery eyes, Loss of appetite, Nasal congestion, Runny nose, Sneezing"
Allergy,Allergic Rhinitis (Hay Fever),"Body aches, Itchy, watery eyes, Malaise, Nasal congestion, Runny nose, Sneezing"
Musculoskeletal,Rheumatoid Arthritis,"Fatigue, Fever, Joint pain, Joint stiffness (worse in morning), Swollen joints"
Chronic,Asthma,"Body aches, Chest tightness, Chills, Coughing (especially at night), Shortness of breath, Weakness, Wheezing"
Musculoskeletal,Tibial/Fibular Fracture,"Bruising, Inability to bear weight, Severe leg pain, Swelling, Visible deformity, Weakness"
Chronic,Hypertension,"Dizziness, Fatigue, Headache, Headaches, Nosebleeds, Often asymptomatic, Shortness of breath"
Allergy,Allergic Rhinitis (Hay Fever),"Headache, Itchy, watery eyes, Loss of appetite, Malaise, Nasal congestion, Runny nose, Sneezing"
Infectious,Strep Throat,"Body aches, Fever, Headache, Pain when swallowing, Severe sore throat, Swollen lymph nodes, Swollen tonsils, White patches on tonsils"
Chronic,Type 2 Diabetes,"Blurry vision, Excessive thirst, Frequent urination, Increased hunger, Nausea, Slow-healing sores, Unexplained weight loss"
Infectious,COVID-19,"Dizziness, Dry cough, Fatigue, Fever, Headache, Loss of taste or smell, Nausea, Shortness of breath"
Infectious,Strep Throat,"Dizziness, Fever, Pain when swallowing, Severe sore throat, Swollen lymph nodes, Swollen tonsils, White patches on tonsils"
Musculoskeletal,Rheumatoid Arthritis,"Fatigue, Fever, Joint pain, Joint stiffness (worse in morning), Malaise, Swollen joints"
Chronic,Asthma,"Chest tightness, Coughing (especially at night), Fever, Headache, Loss of appetite, Shortness of breath, Wheezing"
Acute/Surgical,Appendicitis,"Abdominal swelling, Fever, Headache, Loss of appetite, Malaise, Nausea, Pain in lower right abdomen, Vomiting, Weakness"
Chronic,Hypertension,"Dizziness, Fatigue, Headaches, Malaise, Nosebleeds, Often asymptomatic, Shortness of breath"
Urological,Kidney Stone,"Malaise, Nausea, Pain on urination, Pain that radiates to lower abdomen, Pink, red or brown urine, Severe pain in side and back"
Infectious,Pneumonia,"Chest pain, Chills, Cough with phlegm, Difficulty breathing, Fever, Malaise, Weakness"
Musculoskeletal,Rheumatoid Arthritis,"Fatigue, Fever, Headache, Joint pain, Joint stiffness (worse in morning), Nausea, Swollen joints"
Chronic,Type 2 Diabetes,"Blurry vision, Excessive thirst, Frequent urination, Increased hunger, Nausea, Slow-healing sores, Unexplained weight loss"
Chronic,Type 2 Diabetes,"Blurry vision, Body aches, Excessive thirst, Frequent urination, Increased hunger, Slow-healing sores, Unexplained weight loss"
Musculoskeletal,Tibial/Fibular Fracture,"Body aches, Bruising, Headache, Inability to bear weight, Severe leg pain, Swelling, Visible deformity, Weakness"
Infectious,Gastroenteritis (Stomach Flu),"Diarrhea, Dizziness, Malaise, Nausea, Stomach cramps, Vomiting"
Chronic,Hypertension,"Dizziness, Headaches, Nosebleeds, Often asymptomatic, Shortness of breath, Weakness"
Chronic,Type 2 Diabetes,"Blurry vision, Body aches, Excessive thirst, Frequent urination, Increased hunger, Slow-healing sores, Unexplained weight loss"
Infectious,Gastroenteritis (Stomach Flu),"Diarrhea, Headache, Malaise, Nausea, Stomach cramps, Vomiting"
Musculoskeletal,Tibial/Fibular Fracture,"Bruising, Headache, Inability to bear weight, Severe leg pain, Swelling, Visible deformity"
Infectious,Gastroenteritis (Stomach Flu),"Diarrhea, Headache, Nausea, Stomach cramps, Vomiting"
Allergy,Allergic Rhinitis (Hay Fever),"Fatigue, Itchy, watery eyes, Loss of appetite, Nasal congestion, Runny nose, Sneezing, Weakness"
Musculoskeletal,Ankle Sprain,"Ankle pain, Bruising, Inability to bear weight, Swelling, Tenderness to touch, Weakness"
Chronic,Asthma,"Chest tightness, Coughing (especially at night), Headache, Shortness of breath, Weakness, Wheezing"
Infectious,Influenza (Flu),"Body aches, Dry cough, High fever, Loss of appetite, Malaise, Runny nose, Sore throat"
Acute/Surgical,Appendicitis,"Abdominal swelling, Body aches, Dizziness, Fatigue, Fever, Loss of appetite, Nausea, Pain in lower right abdomen, Vomiting"
Infectious,Pneumonia,"Body aches, Chest pain, Chills, Cough with phlegm, Difficulty breathing, Fever, Loss of appetite, Nausea"
Infectious,Pneumonia,"Chest pain, Chills, Cough with phlegm, Difficulty breathing, Fever"
Neurological,Migraine,"Chills, Fever, Nausea, Sensitivity to light, Sensitivity to sound, Severe throbbing headache, Visual aura, Vomiting, Weakness"
Allergy,Allergic Rhinitis (Hay Fever),"Fever, Itchy, watery eyes, Nasal congestion, Runny nose, Sneezing"
Chronic,Type 2 Diabetes,"Blurry vision, Excessive thirst, Frequent urination, Headache, Increased hunger, Slow-healing sores, Unexplained weight loss"
Infectious,Strep Throat,"Fever, Nausea, Pain when swallowing, Severe sore throat, Swollen lymph nodes, Swollen tonsils, White patches on tonsils"
Chronic,Hypertension,"Dizziness, Headaches, Loss of appetite, Nosebleeds, Often asymptomatic, Shortness of breath"
Allergy,Allergic Rhinitis (Hay Fever),"Body aches, Dizziness, Itchy, watery eyes, Loss of appetite, Nasal congestion, Runny nose, Sneezing"
Neurological,Migraine,"Dizziness, Nausea, Sensitivity to light, Sensitivity to sound, Severe throbbing headache, Visual aura, Vomiting, Weakness"
Chronic,Hypertension,"Chills, Dizziness, Headache, Headaches, Nausea, Nosebleeds, Often asymptomatic, Shortness of breath"
Infectious,Strep Throat,"Fever, Nausea, Pain when swallowing, Severe sore throat, Swollen lymph nodes, Swollen tonsils, White patches on tonsils"
Acute/Surgical,Appendicitis,"Abdominal swelling, Body aches, Fever, Loss of appetite, Nausea, Pain in lower right abdomen, Vomiting, Weakness"
Acute/Surgical,Appendicitis,"Abdominal swelling, Fever, Headache, Loss of appetite, Nausea, Pain in lower right abdomen, Vomiting"
Allergy,Allergic Rhinitis (Hay Fever),"Fever, Headache, Itchy, watery eyes, Malaise, Nasal congestion, Runny nose, Sneezing"
Chronic,Type 2 Diabetes,"Blurry vision, Excessive thirst, Frequent urination, Headache, Increased hunger, Slow-healing sores, Unexplained weight loss"
Infectious,COVID-19,"Body aches, Dry cough, Fatigue, Fever, Headache, Loss of taste or smell, Shortness of breath"
Acute/Surgical,Appendicitis,"Abdominal swelling, Dizziness, Fever, Loss of appetite, Nausea, Pain in lower right abdomen, Vomiting"
Urological,Kidney Stone,"Fever, Nausea, Pain on urination, Pain that radiates to lower abdomen, Pink, red or brown urine, Severe pain in side and back"
Chronic,Hypertension,"Dizziness, Headaches, Malaise, Nosebleeds, Often asymptomatic, Shortness of breath"
Acute/Surgical,Appendicitis,"Abdominal swelling, Dizziness, Fever, Headache, Loss of appetite, Nausea, Pain in lower right abdomen, Vomiting"
Musculoskeletal,Tibial/Fibular Fracture,"Bruising, Inability to bear weight, Loss of appetite, Severe leg pain, Swelling, Visible deformity"
Musculoskeletal,Rheumatoid Arthritis,"Fatigue, Fever, Joint pain, Joint stiffness (worse in morning), Loss of appetite, Swollen joints"
Infectious,Urinary Tract Infection (UTI),"Cloudy or strong-smelling urine, Fever, Frequent urination, Malaise, Pain or burning on urination, Pelvic pain"
Infectious,Influenza (Flu),"Body aches, Chills, Dry cough, Headache, High fever, Runny nose, Sore throat, Weakness"
Urological,Kidney Stone,"Body aches, Chills, Nausea, Pain on urination, Pain that radiates to lower abdomen, Pink, red or brown urine, Severe pain in side and back"
Urological,Kidney Stone,"Nausea, Pain on urination, Pain that radiates to lower abdomen, Pink, red or brown urine, Severe pain in side and back"
Acute/Surgical,Appendicitis,"Abdominal swelling, Body aches, Chills, Fever, Loss of appetite, Nausea, Pain in lower right abdomen, Vomiting"
Infectious,Gastroenteritis (Stomach Flu),"Body aches, Chills, Diarrhea, Loss of appetite, Nausea, Stomach cramps, Vomiting"
Infectious,Gastroenteritis (Stomach Flu),"Chills, Diarrhea, Nausea, Stomach cramps, Vomiting"
Chronic,Hypertension,"Dizziness, Headache, Headaches, Loss of appetite, Malaise, Nosebleeds, Often asymptomatic, Shortness of breath"
Musculoskeletal,Rheumatoid Arthritis,"Dizziness, Fatigue, Fever, Headache, Joint pain, Joint stiffness (worse in morning), Swollen joints"
Neurological,Migraine,"Chills, Dizziness, Malaise, Nausea, Sensitivity to light, Sensitivity to sound, Severe throbbing headache, Visual aura, Vomiting"
Musculoskeletal,Ankle Sprain,"Ankle pain, Bruising, Chills, Fever, Inability to bear weight, Swelling, Tenderness to touch"
Infectious,Gastroenteritis (Stomach Flu),"Diarrhea, Loss of appetite, Nausea, Stomach cramps, Vomiting, Weakness"
Chronic,Asthma,"Body aches, Chest tightness, Coughing (especially at night), Loss of appetite, Nausea, Shortness of breath, Wheezing"
Allergy,Allergic Rhinitis (Hay Fever),"Body aches, Chills, Itchy, watery eyes, Nasal congestion, Runny nose, Sneezing"
Infectious,COVID-19,"Dry cough, Fatigue, Fever, Loss of appetite, Loss of taste or smell, Shortness of breath"
Infectious,Pneumonia,"Body aches, Chest pain, Chills, Cough with phlegm, Difficulty breathing, Fever"
Urological,Kidney Stone,"Dizziness, Headache, Nausea, Pain on urination, Pain that radiates to lower abdomen, Pink, red or brown urine, Severe pain in side and back, Weakness"
Infectious,Influenza (Flu),"Body aches, Dizziness, Dry cough, High fever, Runny nose, Sore throat"
Infectious,Influenza (Flu),"Body aches, Dizziness, Dry cough, Fever, Headache, High fever, Runny nose, Sore throat"
Allergy,Allergic Rhinitis (Hay Fever),"Fatigue, Fever, Itchy, watery eyes, Nasal congestion, Nausea, Runny nose, Sneezing"
Allergy,Allergic Rhinitis (Hay Fever),"Body aches, Fever, Headache, Itchy, watery eyes, Nasal congestion, Runny nose, Sneezing"
Acute/Surgical,Appendicitis,"Abdominal swelling, Fever, Loss of appetite, Malaise, Nausea, Pain in lower right abdomen, Vomiting"
Chronic,Type 2 Diabetes,"Blurry vision, Excessive thirst, Frequent urination, Headache, Increased hunger, Slow-healing sores, Unexplained weight loss, Weakness"
Infectious,Gastroenteritis (Stomach Flu),"Body aches, Diarrhea, Nausea, Stomach cramps, Vomiting"
Acute/Surgical,Appendicitis,"Abdominal swelling, Dizziness, Fever, Loss of appetite, Nausea, Pain in lower right abdomen, Vomiting"
Infectious,Urinary Tract Infection (UTI),"Cloudy or strong-smelling urine, Frequent urination, Malaise, Nausea, Pain or burning on urination, Pelvic pain"
Infectious,Strep Throat,"Fever, Nausea, Pain when swallowing, Severe sore throat, Swollen lymph nodes, Swollen tonsils, White patches on tonsils"
Chronic,Asthma,"Chest tightness, Coughing (especially at night), Fever, Headache, Shortness of breath, Wheezing"
Infectious,Strep Throat,"Fever, Nausea, Pain when swallowing, Severe sore throat, Swollen lymph nodes, Swollen tonsils, White patches on tonsils"
Infectious,Strep Throat,"Dizziness, Fever, Nausea, Pain when swallowing, Severe sore throat, Swollen lymph nodes, Swollen tonsils, White patches on tonsils"
Musculoskeletal,Ankle Sprain,"Ankle pain, Bruising, Inability to bear weight, Malaise, Swelling, Tenderness to touch"
Infectious,Influenza (Flu),"Body aches, Dizziness, Dry cough, Headache, High fever, Runny nose, Sore throat"
Infectious,Strep Throat,"Chills, Fever, Pain when swallowing, Severe sore throat, Swollen lymph nodes, Swollen tonsils, White patches on tonsils"
Musculoskeletal,Rheumatoid Arthritis,"Body aches, Fatigue, Fever, Joint pain, Joint stiffness (worse in morning), Nausea, Swollen joints"
Neurological,Migraine,"Headache, Nausea, Sensitivity to light, Sensitivity to sound, Severe throbbing headache, Visual aura, Vomiting"
Chronic,Type 2 Diabetes,"Blurry vision, Body aches, Excessive thirst, Frequent urination, Increased hunger, Slow-healing sores, Unexplained weight loss"
Infectious,COVID-19,"Dry cough, Fatigue, Fever, Loss of taste or smell, Shortness of breath, Weakness"
Musculoskeletal,Tibial/Fibular Fracture,"Bruising, Dizziness, Fever, Inability to bear weight, Loss of appetite, Severe leg pain, Swelling, Visible deformity"
Infectious,COVID-19,"Chills, Dry cough, Fatigue, Fever, Headache, Loss of appetite, Loss of taste or smell, Shortness of breath"
Infectious,Strep Throat,"Body aches, Fatigue, Fever, Headache, Pain when swallowing, Severe sore throat, Swollen lymph nodes, Swollen tonsils, White patches on tonsils"
Infectious,Strep Throat,"Body aches, Fever, Nausea, Pain when swallowing, Severe sore throat, Swollen lymph nodes, Swollen tonsils, White patches on tonsils"
Infectious,COVID-19,"Dry cough, Fatigue, Fever, Headache, Loss of taste or smell, Malaise, Shortness of breath"
Infectious,Pneumonia,"Body aches, Chest pain, Chills, Cough with phlegm, Difficulty breathing, Fever, Malaise"
Allergy,Allergic Rhinitis (Hay Fever),"Itchy, watery eyes, Nasal congestion, Nausea, Runny nose, Sneezing"
Chronic,Type 2 Diabetes,"Blurry vision, Excessive thirst, Fever, Frequent urination, Increased hunger, Slow-healing sores, Unexplained weight loss"
Acute/Surgical,Appendicitis,"Abdominal swelling, Fever, Loss of appetite, Malaise, Nausea, Pain in lower right abdomen, Vomiting"
Infectious,Pneumonia,"Body aches, Chest pain, Chills, Cough with phlegm, Difficulty breathing, Fever"
Allergy,Allergic Rhinitis (Hay Fever),"Fatigue, Itchy, watery eyes, Nasal congestion, Nausea, Runny nose, Sneezing, Weakness"
Neurological,Migraine,"Chills, Dizziness, Nausea, Sensitivity to light, Sensitivity to sound, Severe throbbing headache, Visual aura, Vomiting"
Musculoskeletal,Rheumatoid Arthritis,"Fatigue, Fever, Joint pain, Joint stiffness (worse in morning), Loss of appetite, Nausea, Swollen joints, Weakness"
Infectious,Strep Throat,"Fatigue, Fever, Pain when swallowing, Severe sore throat, Swollen lymph nodes, Swollen tonsils, White patches on tonsils"
Neurological,Migraine,"Headache, Nausea, Sensitivity to light, Sensitivity to sound, Severe throbbing headache, Visual aura, Vomiting"
Musculoskeletal,Ankle Sprain,"Ankle pain, Bruising, Fatigue, Inability to bear weight, Malaise, Nausea, Swelling, Tenderness to touch"
Allergy,Allergic Rhinitis (Hay Fever),"Dizziness, Itchy, watery eyes, Malaise, Nasal congestion, Runny nose, Sneezing, Weakness"
Infectious,COVID-19,"Body aches, Chills, Dry cough, Fatigue, Fever, Loss of taste or smell, Shortness of breath"
Infectious,Gastroenteritis (Stomach Flu),"Diarrhea, Headache, Malaise, Nausea, Stomach cramps, Vomiting"
Acute/Surgical,Appendicitis,"Abdominal swelling, Fever, Loss of appetite, Nausea, Pain in lower right abdomen, Vomiting"
Infectious,Gastroenteritis (Stomach Flu),"Diarrhea, Dizziness, Fever, Nausea, Stomach cramps, Vomiting"
Infectious,Strep Throat,"Body aches, Chills, Fever, Malaise, Pain when swallowing, Severe sore throat, Swollen lymph nodes, Swollen tonsils, White patches on tonsils"
Chronic,Asthma,"Chest tightness, Coughing (especially at night), Fever, Shortness of breath, Wheezing"
Musculoskeletal,Rheumatoid Arthritis,"Body aches, Fatigue, Fever, Joint pain, Joint stiffness (worse in morning), Swollen joints"
Neurological,Migraine,"Fever, Malaise, Nausea, Sensitivity to light, Sensitivity to sound, Severe throbbing headache, Visual aura, Vomiting, Weakness"
Chronic,Hypertension,"Chills, Dizziness, Headaches, Nosebleeds, Often asymptomatic, Shortness of breath, Weakness"
Neurological,Migraine,"Chills, Nausea, Sensitivity to light, Sensitivity to sound, Severe throbbing headache, Visual aura, Vomiting"
Infectious,Gastroenteritis (Stomach Flu),"Diarrhea, Malaise, Nausea, Stomach cramps, Vomiting"
Urological,Kidney Stone,"Loss of appetite, Nausea, Pain on urination, Pain that radiates to lower abdomen, Pink, red or brown urine, Severe pain in side and back"
Acute/Surgical,Appendicitis,"Abdominal swelling, Fatigue, Fever, Loss of appetite, Nausea, Pain in lower right abdomen, Vomiting"
Infectious,Influenza (Flu),"Body aches, Dry cough, Fatigue, Headache, High fever, Runny nose, Sore throat"
Infectious,Pneumonia,"Chest pain, Chills, Cough with phlegm, Difficulty breathing, Fever, Headache, Weakness"
Infectious,COVID-19,"Dizziness, Dry cough, Fatigue, Fever, Loss of appetite, Loss of taste or smell, Shortness of breath"
Chronic,Hypertension,"Dizziness, Headache, Headaches, Nosebleeds, Often asymptomatic, Shortness of breath, Weakness"
Musculoskeletal,Rheumatoid Arthritis,"Fatigue, Fever, Joint pain, Joint stiffness (worse in morning), Swollen joints, Weakness"
Neurological,Migraine,"Body aches, Nausea, Sensitivity to light, Sensitivity to sound, Severe throbbing headache, Visual aura, Vomiting"
Infectious,COVID-19,"Dry cough, Fatigue, Fever, Loss of taste or smell, Shortness of breath, Weakness"
Neurological,Migraine,"Nausea, Sensitivity to light, Sensitivity to sound, Severe throbbing headache, Visual aura, Vomiting"
Allergy,Allergic Rhinitis (Hay Fever),"Fatigue, Fever, Itchy, watery eyes, Nasal congestion, Runny nose, Sneezing"
Infectious,COVID-19,"Body aches, Chills, Dry cough, Fatigue, Fever, Loss of taste or smell, Malaise, Shortness of breath"
Infectious,Strep Throat,"Dizziness, Fever, Loss of appetite, Pain when swallowing, Severe sore throat, Swollen lymph nodes, Swollen tonsils, White patches on tonsils"
Infectious,Gastroenteritis (Stomach Flu),"Diarrhea, Fatigue, Headache, Nausea, Stomach cramps, Vomiting"
Allergy,Allergic Rhinitis (Hay Fever),"Headache, Itchy, watery eyes, Loss of appetite, Nasal congestion, Runny nose, Sneezing, Weakness"
Chronic,Asthma,"Chest tightness, Coughing (especially at night), Loss of appetite, Shortness of breath, Wheezing"
Infectious,Gastroenteritis (Stomach Flu),"Diarrhea, Dizziness, Nausea, Stomach cramps, Vomiting"
Musculoskeletal,Tibial/Fibular Fracture,"Body aches, Bruising, Headache, Inability to bear weight, Severe leg pain, Swelling, Visible deformity"
Infectious,Strep Throat,"Fever, Malaise, Nausea, Pain when swallowing, Severe sore throat, Swollen lymph nodes, Swollen tonsils, White patches on tonsils"
Infectious,Pneumonia,"Chest pain, Chills, Cough with phlegm, Difficulty breathing, Fatigue, Fever, Malaise, Weakness"
Musculoskeletal,Ankle Sprain,"Ankle pain, Bruising, Chills, Inability to bear weight, Nausea, Swelling, Tenderness to touch"
Chronic,Asthma,"Chest tightness, Coughing (especially at night), Loss of appetite, Nausea, Shortness of breath, Wheezing"
Chronic,Asthma,"Chest tightness, Coughing (especially at night), Dizziness, Loss of appetite, Shortness of breath, Weakness, Wheezing"
Chronic,Type 2 Diabetes,"Blurry vision, Excessive thirst, Fatigue, Frequent urination, Increased hunger, Loss of appetite, Slow-healing sores, Unexplained weight loss, Weakness"
Acute/Surgical,Appendicitis,"Abdominal swelling, Fever, Loss of appetite, Malaise, Nausea, Pain in lower right abdomen, Vomiting"
Allergy,Allergic Rhinitis (Hay Fever),"Itchy, watery eyes, Nasal congestion, Nausea, Runny nose, Sneezing"
Infectious,COVID-19,"Dry cough, Fatigue, Fever, Loss of taste or smell, Malaise, Shortness of breath"
Allergy,Allergic Rhinitis (Hay Fever),"Fever, Itchy, watery eyes, Nasal congestion, Nausea, Runny nose, Sneezing"
Musculoskeletal,Rheumatoid Arthritis,"Chills, Fatigue, Fever, Joint pain, Joint stiffness (worse in morning), Nausea, Swollen joints, Weakness"
Acute/Surgical,Appendicitis,"Abdominal swelling, Fever, Headache, Loss of appetite, Malaise, Nausea, Pain in lower right abdomen, Vomiting"
Infectious,Gastroenteritis (Stomach Flu),"Diarrhea, Headache, Nausea, Stomach cramps, Vomiting"
Acute/Surgical,Appendicitis,"Abdominal swelling, Body aches, Dizziness, Fever, Loss of appetite, Nausea, Pain in lower right abdomen, Vomiting"
Chronic,Type 2 Diabetes,"Blurry vision, Excessive thirst, Fever, Frequent urination, Increased hunger, Loss of appetite, Malaise, Slow-healing sores, Unexplained weight loss"
Chronic,Type 2 Diabetes,"Blurry vision, Body aches, Excessive thirst, Frequent urination, Increased hunger, Loss of appetite, Slow-healing sores, Unexplained weight loss"
Allergy,Allergic Rhinitis (Hay Fever),"Fever, Itchy, watery eyes, Nasal congestion, Runny nose, Sneezing, Weakness"
Infectious,Influenza (Flu),"Body aches, Dry cough, High fever, Malaise, Runny nose, Sore throat"
Acute/Surgical,Appendicitis,"Abdominal swelling, Fever, Headache, Loss of appetite, Nausea, Pain in lower right abdomen, Vomiting"
Infectious,COVID-19,"Dry cough, Fatigue, Fever, Loss of taste or smell, Nausea, Shortness of breath, Weakness"
Infectious,Strep Throat,"Chills, Fever, Pain when swallowing, Severe sore throat, Swollen lymph nodes, Swollen tonsils, White patches on tonsils"
Acute/Surgical,Appendicitis,"Abdominal swelling, Fever, Loss of appetite, Nausea, Pain in lower right abdomen, Vomiting, Weakness"
Infectious,COVID-19,"Dry cough, Fatigue, Fever, Loss of taste or smell, Nausea, Shortness of breath"
Musculoskeletal,Tibial/Fibular Fracture,"Body aches, Bruising, Fever, Inability to bear weight, Severe leg pain, Swelling, Visible deformity"
Infectious,Influenza (Flu),"Body aches, Dry cough, Headache, High fever, Loss of appetite, Runny nose, Sore throat, Weakness"
Neurological,Migraine,"Body aches, Chills, Nausea, Sensitivity to light, Sensitivity to sound, Severe throbbing headache, Visual aura, Vomiting"
